cigar_name,source_group,retailer,url,domain,status,field,previous_value,current_value,note
Plasencia Alma Fuerte Generacion V,ukPrices,C.Gars,https://www.cgarsltd.co.uk/plasencia-alma-fuerte-generacion-cigar-single-p-30358.html,www.cgarsltd.co.uk,error,price,£34.99,,HTTP 403
Plasencia Alma Fuerte Generacion V,ukPrices,cgars,https://www.cgarsltd.co.uk/plasencia-alma-fuerte-generacion-cigar-single-p-30358.html?keywords=Plasencia+Alma+Fuerte+Generacion+V,www.cgarsltd.co.uk,error,price,£34.99,,HTTP 403
Plasencia Alma Fuerte Generacion V,ukPrices,havanahouse,https://www.havanahouse.co.uk/product/plasencia-alma-fuerte-generacion-v-cigar-single/,www.havanahouse.co.uk,unchanged,price,£35.00,£35.00,In Stock
Plasencia Alma Fuerte Generacion V,ukPrices,simplycigars,https://www.simplycigars.co.uk/plasencia-alma-fuerte-generacion-cigar-single-p-3948.html,www.simplycigars.co.uk,unchanged,price,£36.28,£36.28,In Stock
Plasencia Alma Fuerte Generacion V,euPrices,egm,https://egmcigars.com/en-gb/products/plasencia-alma-fuerte-generacion-v-cigar?variant=43665364287745,egmcigars.com,changed,price,£21.99,£22.04,Out of Stock
Davidoff Winston Churchill The Late Hour Robusto,ukPrices,cgars,https://www.cgarsltd.co.uk/davidoff-winston-churchill-the-late-hour-robusto-cigar-single-p-25559.html?keywords=Davidoff+Winston+Churchill+The+Late+Hour+Robusto,www.cgarsltd.co.uk,error,price,£47.99,,HTTP 403
Davidoff Winston Churchill The Late Hour Robusto,ukPrices,havanahouse,https://www.havanahouse.co.uk/product/davidoff-winston-churchill-late-hour-robusto-cigar-single/,www.havanahouse.co.uk,unchanged,price,£49.73,£49.73,In Stock
Davidoff Winston Churchill The Late Hour Robusto,ukPrices,simplycigars,https://www.simplycigars.co.uk/davidoff-winston-churchill-the-late-hour-robusto-cigar-single-p-3753.html,www.simplycigars.co.uk,unchanged,price,£52.37,£52.37,In Stock
Davidoff Winston Churchill The Late Hour Robusto,euPrices,egm,https://egmcigars.com/en-gb/products/davidoff-winston-churchill-late-hour-robusto-cigar?_pos=1&_psq=Davidoff+Winston+Churchill+The+Late+Hour+Robusto&_ss=e&_v=1.0,egmcigars.com,changed,price,£26.99,£27.29,In Stock
Cohiba Siglo II,ukPrices,Havana House,https://www.havanahouse.co.uk/product/cohiba-siglo-ii-cigar-single/,www.havanahouse.co.uk,unchanged,price,£35.00,£35.00,In Stock
Cohiba Siglo II,ukPrices,cgars,https://www.cgarsltd.co.uk/cohiba-siglo-cigar-single-p-429.html?keywords=Cohiba+Siglo+II,www.cgarsltd.co.uk,error,price,£41.99,,HTTP 403
Cohiba Siglo II,ukPrices,havanahouse,https://www.havanahouse.co.uk/product/cohiba-siglo-ii-cigar-single/,www.havanahouse.co.uk,unchanged,price,£42.00,£42.00,In Stock
Cohiba Siglo II,ukPrices,simplycigars,https://www.simplycigars.co.uk/cohiba-siglo-single-cigar-p-452.html,www.simplycigars.co.uk,unchanged,price,£43.97,£43.97,In Stock
Cohiba Siglo II,euPrices,egm,https://egmcigars.com/en-gb/products/cohiba-siglo-2-slb?variant=9061330223151,egmcigars.com,changed,price,£38.99,£39.89,Out of Stock
Arturo Fuente Don Carlos Robusto,ukPrices,cgars,https://www.cgarsltd.co.uk/arturo-fuente-don-carlos-robusto-cigar-single-p-10530.html?keywords=Arturo+Fuente+Don+Carlos+Robusto,www.cgarsltd.co.uk,error,price,£33.99,,HTTP 403
Arturo Fuente Don Carlos Robusto,ukPrices,havanahouse,https://www.havanahouse.co.uk/product/arturo-fuente-don-carlos-robusto-cigar-single/,www.havanahouse.co.uk,unchanged,price,£32.66,£32.66,In Stock
Montecristo No. 2,ukPrices,Havana House,https://www.havanahouse.co.uk/product/montecristo-no-2-cigar-single/,www.havanahouse.co.uk,unchanged,price,£38.75,£38.75,In Stock
Montecristo No. 2,ukPrices,cgars,https://www.cgarsltd.co.uk/montecristo-cigar-single-p-506.html?keywords=Montecristo+No++2,www.cgarsltd.co.uk,error,price,£46.49,,HTTP 403
Montecristo No. 2,ukPrices,havanahouse,https://www.havanahouse.co.uk/product/montecristo-no-2-cigar-single/,www.havanahouse.co.uk,unchanged,price,£46.50,£46.50,In Stock
Montecristo No. 2,ukPrices,simplycigars,https://www.simplycigars.co.uk/montecristo-no2-single-cigar-p-1541.html,www.simplycigars.co.uk,unchanged,price,£50.44,£50.44,In Stock
Montecristo No. 2,euPrices,egm,https://egmcigars.com/en-gb/products/montecristo-no-2?variant=9008363700271,egmcigars.com,changed,price,£31.99,£33.13,Out of Stock
Partagas Serie D No. 4,ukPrices,cgars,https://www.cgarsltd.co.uk/partagas-serie-cigar-single-p-528.html?keywords=Partagas+Serie+D+No++4,www.cgarsltd.co.uk,error,price,£38.49,,HTTP 403
Partagas Serie D No. 4,ukPrices,havanahouse,https://www.havanahouse.co.uk/product/partagas-series-d-no-4-cigar-single/,www.havanahouse.co.uk,unchanged,price,£38.50,£38.50,In Stock
Partagas Serie D No. 4,ukPrices,simplycigars,https://www.simplycigars.co.uk/advanced_search_result.php?keywords=Partagas+Serie+D+No.+4&search=GO&ajax_prod_id=1541,www.simplycigars.co.uk,unchanged,price,£41.02,£41.02,Out of Stock
Partagas Serie D No. 4,euPrices,egm,https://egmcigars.com/en-gb/products/partagas-serie-d-no-4?variant=9008379592751,egmcigars.com,changed,price,£26.99,£27.92,Out of Stock
Romeo y Julieta Wide Churchills,ukPrices,cgars,https://www.cgarsltd.co.uk/romeo-julieta-wide-churchill-cigar-single-p-8998.html?keywords=Romeo+y+Julieta+Wide+Churchill,www.cgarsltd.co.uk,error,price,£46.79,,HTTP 403
Romeo y Julieta Wide Churchills,ukPrices,havanahouse,https://www.havanahouse.co.uk/product/romeo-y-julieta-wide-churchill-cigar-single/,www.havanahouse.co.uk,unchanged,price,£46.80,£46.80,In Stock
Romeo y Julieta Wide Churchills,ukPrices,simplycigars,https://www.simplycigars.co.uk/romeo-julieta-wide-churchill-single-cigar-p-2182.html,www.simplycigars.co.uk,unchanged,price,£49.86,£49.86,In Stock
Romeo y Julieta Wide Churchills,euPrices,egm,https://egmcigars.com/en-gb/products/romeo-y-julieta-wide-churchill?variant=9008371957807,egmcigars.com,changed,price,£30.99,£31.49,Out of Stock
Oliva Serie V Melanio Figurado,ukPrices,cgars,https://www.cgarsltd.co.uk/oliva-serie-melanio-gran-reserva-figurado-cigar-single-p-16152.html,www.cgarsltd.co.uk,error,price,£44.99,,HTTP 403
Oliva Serie V Melanio Figurado,euPrices,egm,https://egmcigars.com/en-gb/products/oliva-serie-v-melanio-figurado?_pos=1&_psq=Oliva+Serie+V+Melanio+Figurado&_ss=e&_v=1.0,egmcigars.com,error,price,£210.99,,Price not extracted
My Father Le Bijou 1922 Torpedo Box Press,ukPrices,cgars,https://www.cgarsltd.co.uk/father-bijou-1922-torpedo-box-pressed-cigar-single-p-28899.html,www.cgarsltd.co.uk,error,price,£46.99,,HTTP 403
My Father Le Bijou 1922 Torpedo Box Press,ukPrices,simplycigars,https://www.simplycigars.co.uk/father-bijou-1922-torpedo-box-pressed-single-cigar-p-3911.html,www.simplycigars.co.uk,unchanged,price,£49.78,£49.78,In Stock
Hoyo de Monterrey Epicure No. 2,ukPrices,cgars,https://www.cgarsltd.co.uk/hoyo-monterrey-epicure-cigar-single-p-476.html?keywords=Hoyo+de+Monterrey+Epicure+No++2,www.cgarsltd.co.uk,error,price,£38.99,,HTTP 403
Hoyo de Monterrey Epicure No. 2,ukPrices,havanahouse,https://www.havanahouse.co.uk/product/hoyo-de-monterrey-epicure-no-2-cigar-single/,www.havanahouse.co.uk,unchanged,price,£36.80,£36.80,In Stock
Hoyo de Monterrey Epicure No. 2,ukPrices,simplycigars,https://www.simplycigars.co.uk/hoyo-monterrey-epicure-no2-single-cigar-p-1720.html,www.simplycigars.co.uk,unchanged,price,£39.23,£39.23,In Stock
Hoyo de Monterrey Epicure No. 2,euPrices,egm,https://egmcigars.com/en-gb/products/hoyo-de-monterrey-epicure-no-2-slb?variant=9008394633263,egmcigars.com,changed,price,£23.99,£24.73,Out of Stock
Bolivar Belicosos Finos,ukPrices,cgars,https://www.cgarsltd.co.uk/bolivar-belicosos-finos-cigar-single-p-408.html?keywords=Bolivar+Belicosos+Finos,www.cgarsltd.co.uk,error,price,£38.99,,HTTP 403
Bolivar Belicosos Finos,ukPrices,havanahouse,https://www.havanahouse.co.uk/product/bolivar-belicosos-finos-cigar-single/,www.havanahouse.co.uk,unchanged,price,£38.70,£38.70,In Stock
Bolivar Belicosos Finos,ukPrices,simplycigars,https://www.simplycigars.co.uk/bolivar-belicosos-finos-single-cigar-p-1773.html,www.simplycigars.co.uk,unchanged,price,£41.48,£41.48,In Stock
Bolivar Belicosos Finos,euPrices,egm,https://egmcigars.com/en-gb/products/bolivar-belicosos?variant=37316867555486,egmcigars.com,changed,price,£22.99,£23.26,Out of Stock
Punch Punch,ukPrices,cgars,https://www.cgarsltd.co.uk/punch-punch-cigar-single-p-277.html?keywords=Punch+Punch,www.cgarsltd.co.uk,error,price,£35.99,,HTTP 403
Punch Punch,ukPrices,havanahouse,https://www.havanahouse.co.uk/product/punch-punch-cigar-single/,www.havanahouse.co.uk,unchanged,price,£36.00,£36.00,In Stock
Punch Punch,ukPrices,simplycigars,https://www.simplycigars.co.uk/punch-punch-single-cigar-p-1805.html,www.simplycigars.co.uk,unchanged,price,£38.46,£38.46,In Stock
Punch Punch,euPrices,egm,https://egmcigars.com/en-gb/products/punch-punch?variant=42735489220865,egmcigars.com,changed,price,£27.99,£28.86,Out of Stock
Juan Lopez Seleccion No. 2,ukPrices,cgars,https://www.cgarsltd.co.uk/juan-lopez-seleccion-cigar-single-p-495.html?keywords=Juan+Lopez+Seleccion+No++2,www.cgarsltd.co.uk,error,price,£30.99,,HTTP 403
Juan Lopez Seleccion No. 2,ukPrices,havanahouse,https://www.havanahouse.co.uk/product/juan-lopez-seleccion-no-2-cigar-single/,www.havanahouse.co.uk,unchanged,price,£31.70,£31.70,In Stock
Juan Lopez Seleccion No. 2,ukPrices,simplycigars,https://www.simplycigars.co.uk/juan-lopez-seleccion-single-cigar-p-1629.html,www.simplycigars.co.uk,unchanged,price,£33.90,£33.90,In Stock
Juan Lopez Seleccion No. 2,euPrices,egm,https://egmcigars.com/en-gb/products/juan-lopez-seleccion-no-2-slb?variant=40248758829214,egmcigars.com,changed,price,£22.99,£23.72,Out of Stock
Drew Estate Liga Privada No. 9 Robusto,ukPrices,cgars,https://www.cgarsltd.co.uk/drew-estate-liga-privada-robusto-cigar-single-p-26334.html?keywords=Drew+Estate+Liga+Privada+No++9+Robusto,www.cgarsltd.co.uk,error,price,£42.99,,HTTP 403
Foundation Olmec Claro Robusto,ukPrices,cgars,https://www.cgarsltd.co.uk/foundation-olmec-claro-robusto-cigar-single-p-59784.html,www.cgarsltd.co.uk,error,price,£25.49,,HTTP 403
Foundation Olmec Claro Robusto,ukPrices,havanahouse,https://www.havanahouse.co.uk/product/foundation-olmec-claro-robusto-cigar-single/,www.havanahouse.co.uk,unchanged,price,£22.96,£22.96,In Stock
Quai d'Orsay No. 50,ukPrices,C.Gars Ltd,https://www.cgarsltd.co.uk/,www.cgarsltd.co.uk,error,price,£24.00,,HTTP 403
Quai d'Orsay No.50,ukPrices,C.Gars Ltd,https://www.cgarsltd.co.uk/,www.cgarsltd.co.uk,error,price,£23.00,,HTTP 403
Plasencia Alma Fuerte Sixto II,ukPrices,cgars,https://www.cgarsltd.co.uk/plasencia-alma-fuerte-sixto-cigar-single-p-30392.html,www.cgarsltd.co.uk,error,price,£38.99,,HTTP 403
Plasencia Alma Fuerte Sixto II,ukPrices,havanahouse,https://www.havanahouse.co.uk/product/plasencia-alma-fuerte-sixto-ii-cigar-single/,www.havanahouse.co.uk,unchanged,price,£35.20,£35.20,In Stock
Plasencia Alma Fuerte Sixto II,ukPrices,simplycigars,https://www.simplycigars.co.uk/plasencia-alma-fuerte-sixto-single-cigar-p-5034.html,www.simplycigars.co.uk,unchanged,price,£40.28,£40.28,In Stock
Plasencia Alma Fuerte Sixto II,euPrices,egm,https://egmcigars.com/en-gb/products/plasencia-alma-fuerte-sixto-ii-cigar?variant=43665093132545,egmcigars.com,changed,price,£21.99,£22.04,In Stock
Plasencia Alma Fuerte Robustus II,ukPrices,cgars,https://www.cgarsltd.co.uk/plasencia-alma-fuerte-colorado-claro-robustus-cigar-single-p-58034.html?keywords=Plasencia+Alma+Fuerte+Robustus+II,www.cgarsltd.co.uk,error,price,£32.99,,HTTP 403
Plasencia Alma Fuerte Robustus II,ukPrices,havanahouse,https://www.havanahouse.co.uk/product/plasencia-alma-fuerte-colorado-claro-robustus-ii-cigar-single/,www.havanahouse.co.uk,unchanged,price,£25.96,£25.96,In Stock
Plasencia Alma del Campo Guajiro,euPrices,egm,https://egmcigars.com/en-gb/products/plasencia-alma-del-campo-guajiro-cigar?variant=43665427726593,egmcigars.com,changed,price,£16.99,£16.79,Out of Stock
Plasencia Alma del Campo Sendero,ukPrices,cgars,https://www.cgarsltd.co.uk/plasencia-alma-del-campo-sendero-cigar-single-p-30368.html,www.cgarsltd.co.uk,error,price,£24.99,,HTTP 403
Plasencia Alma del Campo Sendero,euPrices,egm,https://egmcigars.com/en-gb/products/plasencia-alma-del-campo-sendero-cigar?variant=43665431920897,egmcigars.com,changed,price,£16.99,£16.79,In Stock
Plasencia Cosecha 149 Santa Fe,euPrices,egm,https://egmcigars.com/en-gb/products/plasencia-cosecha-149-santa-fe?_pos=1&_sid=57a95d2f4&_ss=r,egmcigars.com,changed,price,£13.99,£13.64,Out of Stock
Plasencia Alma Fuerte Colorado Claro Robustus II,ukPrices,cgars,https://www.cgarsltd.co.uk/plasencia-alma-fuerte-colorado-claro-robustus-cigar-single-p-58034.html,www.cgarsltd.co.uk,error,price,£32.99,,HTTP 403
Plasencia Alma Fuerte Colorado Claro Robustus II,ukPrices,havanahouse,https://www.havanahouse.co.uk/product/plasencia-alma-fuerte-colorado-claro-robustus-ii-cigar-single/,www.havanahouse.co.uk,unchanged,price,£25.96,£25.96,In Stock
Plasencia Reserva Original Corona,ukPrices,cgars,https://www.cgarsltd.co.uk/plasencia-reserva-original-corona-corta-cigar-single-p-64026.html?keywords=Plasencia+Reserva+Original,www.cgarsltd.co.uk,error,price,£15.99,,HTTP 403
Plasencia Reserva Original Corona,ukPrices,havanahouse,https://www.havanahouse.co.uk/product/plasencia-reserva-original-corona-corta-cigar-single/,www.havanahouse.co.uk,unchanged,price,£13.99,£13.99,In Stock
Plasencia Reserva Original Corona,euPrices,egm,https://egmcigars.com/en-gb/products/plasencia-reserva-original-corona-cigar?variant=43667146473729,egmcigars.com,changed,price,£9.99,£10.00,Out of Stock
Plasencia Reserva Original Nesticos,euPrices,egm,https://egmcigars.com/en-gb/products/plasencia-reserva-original-nesticos-cigar?variant=43666939838721,egmcigars.com,changed,price,£5.99,£5.24,In Stock
Plasencia Cosecha 151 La Tradicion,ukPrices,cgars,https://www.cgarsltd.co.uk/plasencia-cosecha-151-tradicion-toro-cigar-single-p-62378.html,www.cgarsltd.co.uk,error,price,£27.99,,HTTP 403
Plasencia Cosecha 151 La Tradicion,ukPrices,havanahouse,https://www.havanahouse.co.uk/product/plasencia-cosecha-151-la-tradicion-toro-cigar-single/,www.havanahouse.co.uk,unchanged,price,£31.96,£31.96,In Stock
Plasencia Cosecha 151 La Tradicion,euPrices,egm,https://egmcigars.com/en-gb/products/plasencia-cosecha-151-la-tradicion-cigar?variant=44626589450497,egmcigars.com,changed,price,£15.99,£15.74,In Stock
Plasencia Cosecha 151 San Diego,euPrices,egm,https://egmcigars.com/en-gb/products/plasencia-cosecha-151-san-diego-cigar?variant=44626525782273,egmcigars.com,changed,price,£13.99,£13.64,In Stock
Oliva Serie V Robusto,ukPrices,cgars,https://www.cgarsltd.co.uk/oliva-serie-melanio-gran-reserva-robusto-cigar-single-p-13643.html?keywords=Melanio+Gran+Reserva+Robusto,www.cgarsltd.co.uk,error,price,£31.99,,HTTP 403
Oliva Serie V Robusto,ukPrices,simplycigars,https://www.simplycigars.co.uk/oliva-serie-melanio-gran-reserva-robusto-cigar-single-p-4325.html,www.simplycigars.co.uk,unchanged,price,£35.75,£35.75,In Stock
Drew Estate Liga Privada T52 Robusto,ukPrices,cgars,https://www.cgarsltd.co.uk/drew-estate-liga-privada-t52-robusto-cigar-single-p-26135.html,www.cgarsltd.co.uk,error,price,£32.99,,HTTP 403
Davidoff Nicaragua Toro,ukPrices,cgars,https://www.cgarsltd.co.uk/davidoff-nicaragua-toro-cello-cigar-single-p-13647.html?keywords=Davidoff+Nicaragua+Toro,www.cgarsltd.co.uk,error,price,£44.49,,HTTP 403
Davidoff Nicaragua Toro,ukPrices,havanahouse,https://www.havanahouse.co.uk/product/davidoff-nicaragua-toro-cigar-single/,www.havanahouse.co.uk,unchanged,price,£44.56,£44.56,In Stock
Davidoff Nicaragua Toro,ukPrices,simplycigars,https://www.simplycigars.co.uk/davidoff-nicaragua-box-pressed-toro-single-cigar-p-4255.html,www.simplycigars.co.uk,unchanged,price,£43.85,£43.85,Out of Stock
Davidoff Nicaragua Toro,euPrices,egm,https://egmcigars.com/en-gb/products/davidoff-nicaragua-toro-cigar?variant=45616435986689,egmcigars.com,changed,price,£24.99,£25.19,In Stock
Arturo Fuente Don Carlos No. 2,ukPrices,cgars,https://www.cgarsltd.co.uk/arturo-fuente-don-carlos-cigar-single-p-10526.html,www.cgarsltd.co.uk,error,price,£43.49,,HTTP 403
Arturo Fuente Don Carlos No. 2,ukPrices,havanahouse,https://www.havanahouse.co.uk/product/arturo-fuente-don-carlos-no-2-cigar-single/,www.havanahouse.co.uk,unchanged,price,£38.99,£38.99,In Stock
Cohiba Robusto,ukPrices,cgars,https://www.cgarsltd.co.uk/cohiba-robustos-cigar-single-p-426.html?keywords=Cohiba+Robusto,www.cgarsltd.co.uk,error,price,£72.99,,HTTP 403
Cohiba Robusto,ukPrices,havanahouse,https://www.havanahouse.co.uk/product/cohiba-robusto-cigar-single/,www.havanahouse.co.uk,unchanged,price,£80.00,£80.00,In Stock
Cohiba Robusto,ukPrices,simplycigars,https://www.simplycigars.co.uk/cohiba-robusto-single-cigar-p-449.html,www.simplycigars.co.uk,unchanged,price,£76.90,£76.90,In Stock
Cohiba Robusto,euPrices,egm,https://egmcigars.com/en-gb/products/cohiba-robusto-slb?variant=9061373673519,egmcigars.com,changed,price,£61.99,£64.05,Out of Stock
Cohiba Esplendidos,ukPrices,cgars,https://www.cgarsltd.co.uk/cohiba-esplendidos-cigar-single-p-422.html?keywords=Cohiba+Esplendidos,www.cgarsltd.co.uk,error,price,£144.00,,HTTP 403
Cohiba Esplendidos,ukPrices,havanahouse,https://www.havanahouse.co.uk/product/cohiba-esplendidos-cigar-single/,www.havanahouse.co.uk,unchanged,price,£137.00,£137.00,Out of Stock
Cohiba Esplendidos,ukPrices,simplycigars,https://www.simplycigars.co.uk/cohiba-esplendidos-cigar-single-cigar-p-446.html,www.simplycigars.co.uk,unchanged,price,£125.02,£125.02,Out of Stock
Cohiba Esplendidos,euPrices,egm,https://egmcigars.com/en-gb/products/cohiba-esplendidos-bn-1?variant=9074557124655,egmcigars.com,changed,price,£100.99,£104.99,Out of Stock
Drew Estate Liga Privada Unico Dirty Rat,ukPrices,cgars,https://www.cgarsltd.co.uk/drew-estate-liga-privada-unico-dirty-rat-cigar-single-p-26106.html?keywords=Drew+Estate+Liga+Privada+Unico+Dirty+Rat,www.cgarsltd.co.uk,error,price,£27.49,,HTTP 403
Davidoff Signature 6000,ukPrices,cgars,https://www.cgarsltd.co.uk/davidoff-signature-6000-robusto-cigar-single-p-11932.html?keywords=Davidoff+Signature+6000,www.cgarsltd.co.uk,error,price,£38.99,,HTTP 403
Davidoff Signature 6000,ukPrices,havanahouse,https://www.havanahouse.co.uk/product/davidoff-signature-6000-robusto-cigar-single/,www.havanahouse.co.uk,unchanged,price,£34.96,£34.96,In Stock
Plasencia Alma del Fuego Candente,ukPrices,cgars,https://www.cgarsltd.co.uk/plasencia-alma-del-fuego-candente-cigar-single-p-37700.html,www.cgarsltd.co.uk,error,price,£23.49,,HTTP 403
Plasencia Alma del Fuego Candente,ukPrices,havanahouse,https://www.havanahouse.co.uk/product/plasencia-alma-del-fuego-candente-cigar-single/,www.havanahouse.co.uk,unchanged,price,£21.46,£21.46,In Stock
Plasencia Alma del Fuego Candente,ukPrices,simplycigars,https://www.simplycigars.co.uk/plasencia-alma-del-fuego-candente-single-cigar-p-3944.html,www.simplycigars.co.uk,unchanged,price,£24.13,£24.13,In Stock
Plasencia Alma del Cielo Amanecer Hexagono,ukPrices,cgars,https://www.cgarsltd.co.uk/plasencia-alma-del-cielo-amanecer-hexagono-cigar-single-p-63123.html,www.cgarsltd.co.uk,error,price,£33.99,,HTTP 403
Plasencia Alma del Cielo Amanecer Hexagono,ukPrices,havanahouse,https://www.havanahouse.co.uk/product/plasencia-alma-del-cielo-amanecer-sixty-cigar-single/,www.havanahouse.co.uk,unchanged,price,£36.95,£36.95,In Stock
Plasencia Alma del Cielo Amanecer Hexagono,euPrices,egm,https://egmcigars.com/en-gb/products/plasencia-alma-del-cielo-amanecer?variant=46361292144897,egmcigars.com,changed,price,£24.99,£25.19,In Stock
Plasencia Reserva Original Toro,euPrices,egm,https://egmcigars.com/en-gb/products/plasencia-reserva-original-toro-cigar?_pos=1&_psq=Plasencia+Reserva+Original+Toro&_ss=e&_v=1.0,egmcigars.com,changed,price,£10.99,£10.49,Out of Stock
Plasencia Reserva Original Cortez,euPrices,egm,https://egmcigars.com/en-gb/products/plasencia-reserva-original-cortes-cigar?variant=43667124781313,egmcigars.com,changed,price,£12.99,£12.59,In Stock
Plasencia Alma del Campo Madrono,euPrices,egm,https://egmcigars.com/en-gb/products/plasencia-alma-del-campo-madrono-cigar?variant=43665445519617,egmcigars.com,changed,price,£19.99,£19.94,In Stock
Montecristo No.5,ukPrices,cgars,https://www.cgarsltd.co.uk/montecristo-cigar-single-p-509.html?keywords=Montecristo+No+5,www.cgarsltd.co.uk,error,price,£19.99,,HTTP 403
Montecristo No.5,ukPrices,havanahouse,https://www.havanahouse.co.uk/product/montecristo-no-5-cigar-single/,www.havanahouse.co.uk,unchanged,price,£20.70,£20.70,In Stock
Montecristo No.5,ukPrices,simplycigars,https://www.simplycigars.co.uk/montecristo-no5-cigar-single-cigar-p-519.html,www.simplycigars.co.uk,unchanged,price,£22.00,£22.00,In Stock
Montecristo No.5,euPrices,egm,https://egmcigars.com/en-gb/products/montecristo-no-5?variant=9075206586415,egmcigars.com,changed,price,£21.99,£22.68,Out of Stock
H. Upmann Magnum 46,ukPrices,cgars,https://www.cgarsltd.co.uk/upmann-magnum-cigar-single-p-464.html,www.cgarsltd.co.uk,error,price,£34.99,,HTTP 403
H. Upmann Magnum 46,ukPrices,havanahouse,https://www.havanahouse.co.uk/product/h-upmann-magnum-46-cigar-single/,www.havanahouse.co.uk,unchanged,price,£36.80,£36.80,In Stock
H. Upmann Magnum 46,ukPrices,simplycigars,https://www.simplycigars.co.uk/upmann-magnum-single-cigar-p-1736.html,www.simplycigars.co.uk,unchanged,price,£39.23,£39.23,In Stock
H. Upmann Magnum 46,euPrices,egm,https://egmcigars.com/en-gb/products/h-upmann-magnum-46-slb?variant=37400139071646,egmcigars.com,changed,price,£28.99,£29.39,Out of Stock
