brand,cigar,market,retailer,stored_price,url,status
AJ Fernandez,AJ Fernandez San Lotano Requiem Robusto,UK,cgars,£23.99,https://www.cgarsltd.co.uk/,ready to check
Arturo Fuente,Arturo Fuente Chateau Fuente,UK,cgars,£18.99,https://www.cgarsltd.co.uk/,ready to check
Arturo Fuente,Arturo Fuente Don Carlos No. 2,UK,cgars,£27.99,https://www.cgarsltd.co.uk/,ready to check
Arturo Fuente,Arturo Fuente Don Carlos Robusto,UK,cgars,£33.99,https://www.cgarsltd.co.uk/arturo-fuente-don-carlos-robusto-cigar-single-p-10530.html?keywords=Arturo+Fuente+Don+Carlos+Robusto,ready to check
Arturo Fuente,Arturo Fuente Gran Reserva Robusto,UK,cgars,£19.99,https://www.cgarsltd.co.uk/,ready to check
Arturo Fuente,Arturo Fuente Hemingway Short Story,UK,cgars,£18.99,https://www.cgarsltd.co.uk/arturo-fuente-hemingway-short-story-cigar-single-p-3144.html?keywords=Arturo+Fuente+Hemingway+Short+Story,ready to check
Bolivar,Bolivar Belicosos Finos,UK,cgars,£38.99,https://www.cgarsltd.co.uk/bolivar-belicosos-finos-cigar-single-p-408.html?keywords=Bolivar+Belicosos+Finos,ready to check
Bolivar,Bolivar Petit Coronas,UK,cgars,£24.99,https://www.cgarsltd.co.uk/bolivar-petit-coronas-cigar-single-p-415.html?keywords=Bolivar+Petit+Coronas,ready to check
Cohiba,Cohiba Esplendidos,UK,cgars,£144,https://www.cgarsltd.co.uk/cohiba-esplendidos-cigar-single-p-422.html?keywords=Cohiba+Esplendidos,ready to check
Cohiba,Cohiba Panetelas,UK,cgars,£28.99,https://www.cgarsltd.co.uk/cohiba-panetelas-cigar-single-p-425.html?keywords=Cohiba+Panetelas,ready to check
Cohiba,Cohiba Robusto,UK,cgars,£72.99,https://www.cgarsltd.co.uk/cohiba-robustos-cigar-single-p-426.html?keywords=Cohiba+Robusto,ready to check
Cohiba,Cohiba Robustos,UK,cgars,£49.99,https://www.cgarsltd.co.uk/,ready to check
Cohiba,Cohiba Siglo I,UK,cgars,£33.99,https://www.cgarsltd.co.uk/cohiba-siglo-cigar-single-p-428.html?keywords=Cohiba+Siglo+I,ready to check
Cohiba,Cohiba Siglo II,UK,cgars,£41.99,https://www.cgarsltd.co.uk/cohiba-siglo-cigar-single-p-429.html?keywords=Cohiba+Siglo+II,ready to check
Cohiba,Cohiba Siglo III,UK,cgars,£59.99,https://www.cgarsltd.co.uk/cohiba-siglo-iii-cigar-single-p-430.html,ready to check
Cohiba,Cohiba Siglo IV,UK,cgars,£90.99,https://www.cgarsltd.co.uk/cohiba-siglo-cigar-single-p-431.html?keywords=Cohiba+Siglo+IV,ready to check
Cohiba,Cohiba Siglo V,UK,cgars,£82.99,https://www.cgarsltd.co.uk/cohiba-siglo-cigar-single-p-432.html?keywords=Cohiba+Siglo+V,ready to check
Cohiba,Cohiba Siglo VI,UK,cgars,£139,https://www.cgarsltd.co.uk/cohiba-siglo-cigar-single-p-433.html,ready to check
Davidoff,Davidoff Escurio Robusto,UK,cgars,£31.99,https://www.cgarsltd.co.uk/davidoff-escurio-robusto-cello-cigar-single-p-18054.html?keywords=Davidoff+Escurio+Robusto,ready to check
Davidoff,Davidoff Millennium Robusto,UK,cgars,£44.99,https://www.cgarsltd.co.uk/,ready to check
Davidoff,Davidoff Nicaragua Robusto,UK,cgars,£36.49,https://www.cgarsltd.co.uk/davidoff-nicaraguan-experience-robusto-cello-cigar-single-p-39077.html?keywords=Davidoff+Nicaragua+Robusto,ready to check
Davidoff,Davidoff Nicaragua Toro,UK,cgars,£44.49,https://www.cgarsltd.co.uk/davidoff-nicaragua-toro-cello-cigar-single-p-13647.html?keywords=Davidoff+Nicaragua+Toro,ready to check
Davidoff,Davidoff Signature 2000,UK,cgars,£29.49,https://www.cgarsltd.co.uk/davidoff-signature-2000-cigar-single-p-10560.html?keywords=Davidoff+Signature+2000,ready to check
Davidoff,Davidoff Signature 6000,UK,cgars,£38.99,https://www.cgarsltd.co.uk/davidoff-signature-6000-robusto-cigar-single-p-11932.html?keywords=Davidoff+Signature+6000,ready to check
Davidoff,Davidoff Signature No.2,UK,cgars,£41.99,https://www.cgarsltd.co.uk/,ready to check
Davidoff,Davidoff Winston Churchill The Late Hour Churchill,UK,cgars,£47.99,https://www.cgarsltd.co.uk/davidoff-winston-churchill-the-late-hour-robusto-cigar-single-p-25559.html?keywords=Davidoff+Winston+Churchill+The+Late+Hour+Churchill,ready to check
Davidoff,Davidoff Winston Churchill The Late Hour Robusto,UK,cgars,£47.99,https://www.cgarsltd.co.uk/davidoff-winston-churchill-the-late-hour-robusto-cigar-single-p-25559.html?keywords=Davidoff+Winston+Churchill+The+Late+Hour+Robusto,ready to check
Davidoff,Davidoff Winston Churchill The Late Hour Toro,UK,cgars,£56.99,https://www.cgarsltd.co.uk/davidoff-winston-churchill-the-late-hour-toro-cigar-single-p-57420.html?keywords=Davidoff+Winston+Churchill+The+Late+Hour+Toro,ready to check
Davidoff,Davidoff Yamasa Robusto,UK,cgars,£35.25,https://www.cgarsltd.co.uk/davidoff-yamasa-robusto-cigar-single-p-20475.html?keywords=Davidoff+Yamasa+Robusto,ready to check
Drew Estate,Drew Estate Liga Privada No. 9 Robusto,UK,cgars,£42.99,https://www.cgarsltd.co.uk/drew-estate-liga-privada-robusto-cigar-single-p-26334.html?keywords=Drew+Estate+Liga+Privada+No++9+Robusto,ready to check
Drew Estate,Drew Estate Liga Privada No. 9 Toro,UK,cgars,£46.99,https://www.cgarsltd.co.uk/,ready to check
Foundation,Foundation Olmec Claro Robusto,UK,cgars,£25.49,https://www.cgarsltd.co.uk/foundation-olmec-claro-robusto-cigar-single-p-59784.html,ready to check
H. Upmann,H. Upmann Magnum 46,UK,cgars,£34.99,https://www.cgarsltd.co.uk/upmann-magnum-cigar-single-p-464.html,ready to check
Hoyo de Monterrey,Hoyo de Monterrey Epicure Especial,UK,cgars,£42.89,https://www.cgarsltd.co.uk/hoyo-monterrey-epicure-especial-cigar-single-p-5718.html?keywords=Hoyo+de+Monterrey+Epicure+Especial,ready to check
Hoyo de Monterrey,Hoyo de Monterrey Epicure No. 1,UK,cgars,£40.99,https://www.cgarsltd.co.uk/hoyo-monterrey-epicure-cigar-single-p-475.html?keywords=Hoyo+de+Monterrey+Epicure+No++1,ready to check
Hoyo de Monterrey,Hoyo de Monterrey Epicure No. 2,UK,cgars,£38.99,https://www.cgarsltd.co.uk/hoyo-monterrey-epicure-cigar-single-p-476.html?keywords=Hoyo+de+Monterrey+Epicure+No++2,ready to check
Hoyo de Monterrey,Hoyo de Monterrey Le Hoyo de Rio Seco,UK,cgars,£53.49,https://www.cgarsltd.co.uk/hoyo-monterrey-hoyo-rio-seco-cigar-single-p-32544.html?keywords=Hoyo+de+Monterrey+Le+Hoyo+de+Rio+Seco,ready to check
Hoyo de Monterrey,Hoyo de Monterrey Le Hoyo de San Juan,UK,cgars,£48.99,https://www.cgarsltd.co.uk/hoyo-monterrey-serie-hoyo-san-juan-cigar-single-p-15005.html?keywords=Hoyo+de+Monterrey+Le+Hoyo+de+San+Juan,ready to check
Hoyo de Monterrey,Hoyo de Monterrey Le Hoyo du Depute,UK,cgars,£19.99,https://www.cgarsltd.co.uk/hoyo-monterrey-hoyo-depute-cigar-single-p-481.html?keywords=Hoyo+de+Monterrey+Le+Hoyo+du+Depute,ready to check
Juan Lopez,Juan Lopez Seleccion No. 2,UK,cgars,£30.99,https://www.cgarsltd.co.uk/juan-lopez-seleccion-cigar-single-p-495.html?keywords=Juan+Lopez+Seleccion+No++2,ready to check
Juan Lopez,Juan Lopez Seleccion No.1,UK,cgars,£31.99,https://www.cgarsltd.co.uk/juan-lopez-seleccion-cigar-single-p-494.html?keywords=Juan+Lopez+Seleccion+No+1,ready to check
La Flor Dominicana,La Flor Dominicana Double Ligero Chiselito,UK,cgars,£20.49,https://www.cgarsltd.co.uk/flor-dominicana-double-ligero-chiselito-cigar-single-p-13943.html?keywords=La+Flor+Dominicana+Double+Ligero+Chiselito,ready to check
Montecristo,Montecristo Double Edmundo,UK,cgars,£50.49,https://www.cgarsltd.co.uk/montecristo-double-edmundo-cigar-single-p-13609.html?keywords=Montecristo+Double+Edmundo,ready to check
Montecristo,Montecristo Joyitas,UK,cgars,£15.29,https://www.cgarsltd.co.uk/montecristo-joyitas-cigar-single-p-504.html?keywords=Montecristo+Joyitas,ready to check
Montecristo,Montecristo Media Corona,UK,cgars,£20.49,https://www.cgarsltd.co.uk/montecristo-media-corona-cigar-single-p-16683.html?keywords=Montecristo+Media+Corona,ready to check
Montecristo,Montecristo No. 1,UK,cgars,£37.49,https://www.cgarsltd.co.uk/montecristo-cigar-single-p-505.html?keywords=Montecristo+No++1,ready to check
Montecristo,Montecristo No. 2,UK,cgars,£46.49,https://www.cgarsltd.co.uk/montecristo-cigar-single-p-506.html?keywords=Montecristo+No++2,ready to check
Montecristo,Montecristo No. 3,UK,cgars,£32.49,https://www.cgarsltd.co.uk/montecristo-cigar-single-p-507.html,ready to check
Montecristo,Montecristo No. 4,UK,cgars,£25.99,https://www.cgarsltd.co.uk/montecristo-cigar-single-p-508.html?keywords=Montecristo+No++4,ready to check
Montecristo,Montecristo No. 5,UK,cgars,£19.99,https://www.cgarsltd.co.uk/montecristo-cigar-single-p-509.html?keywords=Montecristo+No+5,ready to check
Montecristo,Montecristo Open Eagle,UK,cgars,£48.79,https://www.cgarsltd.co.uk/montecristo-open-eagle-cigar-single-p-6747.html?keywords=Montecristo+Open+Eagle,ready to check
Montecristo,Montecristo Open Master,UK,cgars,£36.99,https://www.cgarsltd.co.uk/montecristo-open-master-cigar-single-p-6754.html?keywords=Montecristo+Open+Master,ready to check
Montecristo,Montecristo Open Regata,UK,cgars,£29.99,https://www.cgarsltd.co.uk/montecristo-open-regata-cigar-single-p-6752.html?keywords=Montecristo+Open+Regata,ready to check
Montecristo,Montecristo Petit Edmundo,UK,cgars,£35.49,https://www.cgarsltd.co.uk/montecristo-petit-edmundo-cigar-single-p-809.html?keywords=Montecristo+Petit+Edmundo,ready to check
My Father,My Father Flor de Las Antillas Robusto,UK,cgars,£24.99,https://www.cgarsltd.co.uk/,ready to check
My Father,My Father La Opulencia Robusto,UK,cgars,£26.99,https://www.cgarsltd.co.uk/,ready to check
My Father,My Father Le Bijou 1922 Torpedo Box Press,UK,cgars,£46.99,https://www.cgarsltd.co.uk/father-bijou-1922-torpedo-box-pressed-cigar-single-p-28899.html,ready to check
Oliva,Oliva Serie G Robusto,UK,cgars,£19.49,https://www.cgarsltd.co.uk/oliva-serie-maduro-robusto-cigar-single-p-7146.html?keywords=Oliva+Serie+G+Robusto,ready to check
Oliva,Oliva Serie O Robusto,UK,cgars,£21.99,https://www.cgarsltd.co.uk/oliva-serie-robusto-cigar-single-p-6885.html?keywords=Oliva+Serie+O+Robusto,ready to check
Oliva,Oliva Serie V Double Robusto,UK,cgars,£26.49,https://www.cgarsltd.co.uk/oliva-serie-double-robusto-cigar-single-p-9098.html?keywords=Oliva+Serie+V+Double+Robusto,ready to check
Oliva,Oliva Serie V Lancero,UK,cgars,£20.49,https://www.cgarsltd.co.uk/oliva-serie-liga-especial-lancero-cigar-single-p-56168.html?keywords=Oliva+Serie+V+Lancero,ready to check
Oliva,Oliva Serie V Melanio Figurado,UK,cgars,£44.99,https://www.cgarsltd.co.uk/oliva-serie-melanio-gran-reserva-figurado-cigar-single-p-16152.html,ready to check
Oliva,Oliva Serie V Melanio Robusto,UK,cgars,£34.99,https://www.cgarsltd.co.uk/,ready to check
Oliva,Oliva Serie V Robusto,UK,cgars,£31.99,https://www.cgarsltd.co.uk/oliva-serie-melanio-gran-reserva-robusto-cigar-single-p-13643.html?keywords=Melanio+Gran+Reserva+Robusto,ready to check
Oliva,Oliva Serie V Torpedo,UK,cgars,£30.99,https://www.cgarsltd.co.uk/oliva-serie-torpedo-cigar-single-p-19455.html?keywords=Oliva+Serie+V+Torpedo,ready to check
Padron,Padron 3000 Natural,UK,cgars,£27.99,https://www.cgarsltd.co.uk/,ready to check
Padron,Padron 4000 Natural,UK,cgars,£29.99,https://www.cgarsltd.co.uk/,ready to check
Partagas,Partagas Lusitanias,UK,cgars,£67.99,https://www.cgarsltd.co.uk/partagas-lusitanias-cigar-single-p-523.html?keywords=Partagas+Lusitanias,ready to check
Partagas,Partagas Serie D No. 4,UK,cgars,£38.49,https://www.cgarsltd.co.uk/partagas-serie-cigar-single-p-528.html?keywords=Partagas+Serie+D+No++4,ready to check
Partagas,Partagas Serie D No. 5,UK,cgars,£34.99,https://www.cgarsltd.co.uk/partagas-serie-cigar-single-p-11001.html?keywords=Partagas+Serie+D+No++5,ready to check
Partagas,Partagas Serie E No. 2,UK,cgars,£54.99,https://www.cgarsltd.co.uk/partagas-serie-cigar-single-p-10966.html?keywords=Partagas+Serie+E+No++2,ready to check
Partagas,Partagas Shorts,UK,cgars,£22.69,https://www.cgarsltd.co.uk/partagas-shorts-cigar-single-p-537.html?keywords=Partagas+Shorts,ready to check
Perdomo,Perdomo 10th Anniversary Champagne Robusto,UK,cgars,£24.99,https://www.cgarsltd.co.uk/,ready to check
Perdomo,Perdomo 20th Anniversary Maduro Robusto,UK,cgars,£27.99,https://www.cgarsltd.co.uk/perdomo-20th-anniversary-maduro-robusto-cigar-single-p-56574.html?keywords=Perdomo+20th+Anniversary+Maduro+Robusto,ready to check
Perdomo,Perdomo 20th Anniversary Sun Grown Robusto,UK,cgars,£26.99,https://www.cgarsltd.co.uk/,ready to check
Plasencia,Plasencia Alma Fuerte Colorado Claro Robustus II,UK,cgars,£32.99,https://www.cgarsltd.co.uk/plasencia-alma-fuerte-colorado-claro-robustus-cigar-single-p-58034.html,ready to check
Plasencia,Plasencia Alma Fuerte Generacion V,UK,cgars,£34.99,https://www.cgarsltd.co.uk/plasencia-alma-fuerte-generacion-cigar-single-p-30358.html?keywords=Plasencia+Alma+Fuerte+Generacion+V,ready to check
Plasencia,Plasencia Alma Fuerte Sixto II,UK,cgars,£38.99,https://www.cgarsltd.co.uk/plasencia-alma-fuerte-sixto-cigar-single-p-30392.html,ready to check
Plasencia,Plasencia Alma del Campo Robusto,UK,cgars,£32.99,https://www.cgarsltd.co.uk/,ready to check
Plasencia,Plasencia Alma del Campo Sendero,UK,cgars,£24.99,https://www.cgarsltd.co.uk/plasencia-alma-del-campo-sendero-cigar-single-p-30368.html,ready to check
Plasencia,Plasencia Alma del Campo Tribu,UK,cgars,£24.49,https://www.cgarsltd.co.uk/plasencia-alma-del-campo-tribu-cigar-single-p-30363.html?keywords=Plasencia+Alma+del+Campo+Tribu,ready to check
Plasencia,Plasencia Alma del Cielo Amanecer Hexagono,UK,cgars,£33.99,https://www.cgarsltd.co.uk/plasencia-alma-del-cielo-amanecer-hexagono-cigar-single-p-63123.html,ready to check
Plasencia,Plasencia Alma del Fuego Candente,UK,cgars,£23.49,https://www.cgarsltd.co.uk/plasencia-alma-del-fuego-candente-cigar-single-p-37700.html,ready to check
Plasencia,Plasencia Alma del Fuego Flama,UK,cgars,£34.99,https://www.cgarsltd.co.uk/,ready to check
Plasencia,Plasencia Cosecha 151 La Tradicion,UK,cgars,£27.99,https://www.cgarsltd.co.uk/plasencia-cosecha-151-tradicion-toro-cigar-single-p-62378.html,ready to check
Plasencia,Plasencia Reserva Original Corona,UK,cgars,£15.99,https://www.cgarsltd.co.uk/plasencia-reserva-original-corona-corta-cigar-single-p-64026.html?keywords=Plasencia+Reserva+Original,ready to check
Plasencia,Plasencia Reserva Original Robustos,UK,cgars,£19.99,https://www.cgarsltd.co.uk/plasencia-reserva-original-robusto-cigar-single-p-30323.html?keywords=Plasencia+Reserva+Original+Robusto,ready to check
Plasencia,Plasencia Sixto II Hexagon,UK,cgars,£38.99,https://www.cgarsltd.co.uk/plasencia-alma-fuerte-sixto-cigar-single-p-30392.html?keywords=sixto+,ready to check
Punch,Punch Double Coronas,UK,cgars,£59.99,https://www.cgarsltd.co.uk/punch-double-coronas-cigar-single-p-51038.html,ready to check
Punch,Punch Punch,UK,cgars,£35.99,https://www.cgarsltd.co.uk/punch-punch-cigar-single-p-277.html?keywords=Punch+Punch,ready to check
Punch,Punch Short de Punch,UK,cgars,£35.99,https://www.cgarsltd.co.uk/punch-short-punch-cigar-single-p-38713.html?keywords=Punch+Short+de+Punch,ready to check
Rocky Patel,Rocky Patel Decade Robusto,UK,cgars,£23.99,https://www.cgarsltd.co.uk/,ready to check
Rocky Patel,Rocky Patel Sixty Robusto,UK,cgars,£25.69,https://www.cgarsltd.co.uk/rocky-patel-sixty-robusto-cigar-single-p-50664.html?keywords=Rocky+Patel+Sixty+Robusto,ready to check
Rocky Patel,Rocky Patel Sun Grown Robusto,UK,cgars,£22.99,https://www.cgarsltd.co.uk/,ready to check
Romeo,Romeo y Julieta Belicosos,UK,cgars,£28.99,https://www.cgarsltd.co.uk/romeo-julieta-belicosos-cigar-single-p-4061.html?keywords=Romeo+y+Julieta+Belicosos,ready to check
Romeo y Julieta,Romeo y Julieta Petit Churchills,UK,cgars,£32.99,https://www.cgarsltd.co.uk/romeo-julieta-petit-churchill-cigar-single-p-12705.html?keywords=Romeo+y+Julieta+Petit+Churchill,ready to check
Romeo y Julieta,Romeo y Julieta Short Churchills,UK,cgars,£37.99,https://www.cgarsltd.co.uk/romeo-julieta-short-churchill-cigar-single-p-388.html?keywords=Romeo+y+Julieta+Short+Churchill,ready to check
Romeo y Julieta,Romeo y Julieta Wide Churchills,UK,cgars,£46.79,https://www.cgarsltd.co.uk/romeo-julieta-wide-churchill-cigar-single-p-8998.html?keywords=Romeo+y+Julieta+Wide+Churchill,ready to check
San Cristobal,San Cristobal La Punta,UK,cgars,£37.99,https://www.cgarsltd.co.uk/san-cristobal-punta-cigar-single-p-328.html?keywords=San+Cristobal+La+Punta,ready to check
Vegas Robaina,Vegas Robaina Unicos,UK,cgars,£41.99,https://www.cgarsltd.co.uk/vegas-robaina-unicos-cigar-single-p-289.html?keywords=Vegas+Robaina+Unicos,ready to check
Zino,Zino Nicaragua Robusto,UK,cgars,£18.99,https://www.cgarsltd.co.uk/zino-nicaragua-robusto-cigar-single-p-55624.html?keywords=Zino+Nicaragua+Robusto,ready to check
Zino,Zino Nicaragua Toro,UK,cgars,£20.99,https://www.cgarsltd.co.uk/zino-nicaragua-toro-cigar-single-p-55680.html?keywords=Zino+Nicaragua+Toro,ready to check
Arturo Fuente,Arturo Fuente Hemingway Short Story,EU,egm,£11.99,https://egmcigars.com/en-gb/products/arturo-fuente-hemingway-short-story-cigar?variant=43686024937729,ready to check
Bolivar,Bolivar Belicosos Finos,EU,egm,22.99,https://egmcigars.com/en-gb/products/bolivar-belicosos?variant=37316867555486,ready to check
Bolivar,Bolivar Petit Coronas,EU,egm,£14.99,https://egmcigars.com/en-gb/products/bolivar-petit-coronas?variant=9008382476335,ready to check
Cohiba,Cohiba Esplendidos,EU,egm,100.99,https://egmcigars.com/en-gb/products/cohiba-esplendidos-bn-1?variant=9074557124655,ready to check
Cohiba,Cohiba Panetelas,EU,egm,£26.99,https://egmcigars.com/en-gb/products/cohiba-panatelas-bn?variant=47766560178433,ready to check
Cohiba,Cohiba Robusto,EU,egm,61.99,https://egmcigars.com/en-gb/products/cohiba-robusto-slb?variant=9061373673519,ready to check
Cohiba,Cohiba Siglo I,EU,egm,£23.99,https://egmcigars.com/en-gb/products/cohiba-siglo-1-slb?variant=9061311840303,ready to check
Cohiba,Cohiba Siglo II,EU,egm,38.99,https://egmcigars.com/en-gb/products/cohiba-siglo-2-slb?variant=9061330223151,ready to check
Cohiba,Cohiba Siglo III,EU,egm,£59.71,https://www.simplycigars.co.uk/cohiba-siglo-iii-single-cigar-p-453.html,ready to check
Cohiba,Cohiba Siglo IV,EU,egm,£62,https://egmcigars.com/en-gb/products/cohiba-siglo-4-slb?variant=9061352013871,ready to check
Cohiba,Cohiba Siglo V,EU,egm,£95.99,https://egmcigars.com/en-gb/products/cohiba-siglo-5-slb?variant=9008145563695,ready to check
Cohiba,Cohiba Siglo VI,EU,egm,£92.99,https://egmcigars.com/en-gb/products/cohiba-siglo-6-slb?variant=9008183509039,ready to check
Davidoff,Davidoff Escurio Robusto,EU,egm,£18.99,https://egmcigars.com/en-gb/products/davidoff-escurio-robusto-cigar?variant=45616436314369,ready to check
Davidoff,Davidoff Nicaragua Robusto,EU,egm,£20.99,https://egmcigars.com/en-gb/products/davidoff-nicaragua-robusto-cigar?variant=45616435593473,ready to check
Davidoff,Davidoff Nicaragua Toro,EU,egm,24.99,https://egmcigars.com/en-gb/products/davidoff-nicaragua-toro-cigar?variant=45616435986689,ready to check
Davidoff,Davidoff Signature 2000,EU,egm,£15.80,https://egmcigars.com/en-gb/products/davidoff-signature-2000-cigar?variant=42391275372801,ready to check
Davidoff,Davidoff Signature 6000,EU,egm,560.99,https://egmcigars.com/en-gb/products/davidoff-signature-6000-cigar?_pos=1&_psq=Davidoff+Signature+6000&_ss=e&_v=1.0,ready to check
Davidoff,Davidoff Winston Churchill The Late Hour Churchill,EU,egm,£28.99,https://egmcigars.com/en-gb/products/davidoff-winston-churchill-late-hour-churchill-cigar?variant=44896674054401,ready to check
Davidoff,Davidoff Winston Churchill The Late Hour Robusto,EU,egm,26.99,https://egmcigars.com/en-gb/products/davidoff-winston-churchill-late-hour-robusto-cigar?_pos=1&_psq=Davidoff+Winston+Churchill+The+Late+Hour+Robusto&_ss=e&_v=1.0,ready to check
Davidoff,Davidoff Winston Churchill The Late Hour Toro,EU,egm,£29.99,https://egmcigars.com/en-gb/products/davidoff-winston-churchill-late-hour-toro-cigar?variant=43906165571841,ready to check
Davidoff,Davidoff Yamasa Robusto,EU,egm,£22.99,https://egmcigars.com/en-gb/products/davidoff-yamasa-robusto-cigar?variant=45616437297409,ready to check
H. Upmann,H. Upmann Magnum 46,EU,egm,28.99,https://egmcigars.com/en-gb/products/h-upmann-magnum-46-slb?variant=37400139071646,ready to check
Hoyo de Monterrey,Hoyo de Monterrey Epicure Especial,EU,egm,£24.99,https://egmcigars.com/en-gb/products/hoyo-de-monterrey-epicure-especial-slb?variant=40066445770910,ready to check
Hoyo de Monterrey,Hoyo de Monterrey Epicure No. 1,EU,egm,£22.99,https://egmcigars.com/en-gb/products/hoyo-de-monterrey-epicure-no-1-slb?variant=36945318707358,ready to check
Hoyo de Monterrey,Hoyo de Monterrey Epicure No. 2,EU,egm,23.99,https://egmcigars.com/en-gb/products/hoyo-de-monterrey-epicure-no-2-slb?variant=9008394633263,ready to check
Hoyo de Monterrey,Hoyo de Monterrey Le Hoyo de Rio Seco,EU,egm,£34.99,https://egmcigars.com/en-gb/products/hoyo-de-monterrey-le-hoyo-de-rio-seco-cigar-box-of-25?variant=39533537656990,ready to check
Hoyo de Monterrey,Hoyo de Monterrey Le Hoyo de San Juan,EU,egm,£32.99,https://egmcigars.com/en-gb/products/le-hoyo-de-san-juan-slb?variant=37337411682462,ready to check
Hoyo de Monterrey,Hoyo de Monterrey Le Hoyo du Depute,EU,egm,£10.99,https://egmcigars.com/en-gb/products/le-hoyo-du-depute-slb?variant=40717945340062,ready to check
Juan Lopez,Juan Lopez Seleccion No. 2,EU,egm,22.99,https://egmcigars.com/en-gb/products/juan-lopez-seleccion-no-2-slb?variant=40248758829214,ready to check
Juan Lopez,Juan Lopez Seleccion No.1,EU,egm,£23.99,https://egmcigars.com/en-gb/products/juan-lopez-seleccion-no-1-slb?variant=36481237385374,ready to check
Montecristo,Montecristo Double Edmundo,EU,egm,£34.99,https://egmcigars.com/en-gb/products/montecristo-double-edmundo?variant=9075075907631,ready to check
Montecristo,Montecristo Joyitas,EU,egm,£9.99,https://egmcigars.com/en-gb/products/montecristo-joyitas?variant=42502492619009,ready to check
Montecristo,Montecristo Media Corona,EU,egm,£10.99,https://egmcigars.com/en-gb/products/montecristo-medias-coronas?variant=43327480725761,ready to check
Montecristo,Montecristo No. 1,EU,egm,£28.99,https://egmcigars.com/en-gb/products/montecristo-no-1?variant=37329711333534,ready to check
Montecristo,Montecristo No. 2,EU,egm,31.99,https://egmcigars.com/en-gb/products/montecristo-no-2?variant=9008363700271,ready to check
Montecristo,Montecristo No. 3,EU,egm,£23.99,https://egmcigars.com/en-gb/products/montecristo-no-3?variant=9075175522351,ready to check
Montecristo,Montecristo No. 4,EU,egm,£15.99,https://egmcigars.com/en-gb/products/montecristo-no-4?variant=9008384770095,ready to check
Montecristo,Montecristo No. 5,EU,egm,21.99,https://egmcigars.com/en-gb/products/montecristo-no-5?variant=9075206586415,ready to check
Montecristo,Montecristo Open Eagle,EU,egm,£31.99,https://egmcigars.com/en-gb/products/montecristo-open-eagle?variant=40066410152094,ready to check
Montecristo,Montecristo Open Master,EU,egm,£33.99,https://egmcigars.com/en-gb/products/montecristo-open-master?_pos=1&_psq=Montecristo+Open+Master&_ss=e&_v=1.0,ready to check
Montecristo,Montecristo Open Regata,EU,egm,£19.99,https://egmcigars.com/en-gb/products/montecristo-open-regata?variant=11331656646703,ready to check
Montecristo,Montecristo Petit Edmundo,EU,egm,£16.99,https://egmcigars.com/en-gb/products/montecristo-petit-edmundo?variant=9075231522863,ready to check
Oliva,Oliva Serie G Robusto,EU,egm,£6.99,https://www.simplycigars.co.uk/oliva-serie-maduro-robusto-p-2114.html,ready to check
Oliva,Oliva Serie O Robusto,EU,egm,£17.99,https://egmcigars.com/en-gb/products/oliva-serie-o-robusto-5x50?_pos=3&_psq=Oliva+Serie+O+Robusto&_ss=e&_v=1.0,ready to check
Oliva,Oliva Serie V Double Robusto,EU,egm,£11.50,https://egmcigars.com/en-gb/products/oliva-serie-v-dbl-robusto-5x54?_pos=1&_psq=Oliva+Serie+V+Double+Robusto&_ss=e&_v=1.0,ready to check
Oliva,Oliva Serie V Lancero,EU,egm,£10.50,https://www.cgarsltd.co.uk/oliva-serie-liga-especial-lancero-cigar-single-p-56168.html?keywords=Oliva+Serie+V+Lancero,ready to check
Oliva,Oliva Serie V Melanio Figurado,EU,egm,210.99,https://egmcigars.com/en-gb/products/oliva-serie-v-melanio-figurado?_pos=1&_psq=Oliva+Serie+V+Melanio+Figurado&_ss=e&_v=1.0,ready to check
Oliva,Oliva Serie V Torpedo,EU,egm,£13.96,https://egmcigars.com/en-gb/products/oliva-serie-v-torpedo-6x56?_pos=3&_psq=Oliva+Serie+V+Torpedo&_ss=e&_v=1.0,ready to check
Partagas,Partagas Lusitanias,EU,egm,£55.99,https://egmcigars.com/en-gb/products/partagas-lusitanias?variant=36293965709470,ready to check
Partagas,Partagas Serie D No. 4,EU,egm,26.99,https://egmcigars.com/en-gb/products/partagas-serie-d-no-4?variant=9008379592751,ready to check
Partagas,Partagas Serie D No. 5,EU,egm,£25.99,https://egmcigars.com/en-gb/products/copy-of-partagas-serie-d-no-5?variant=9078224027695,ready to check
Partagas,Partagas Serie E No. 2,EU,egm,£34.99,https://egmcigars.com/en-gb/products/partagas-serie-e-no-2?_pos=1&_psq=Partagas+Serie+E+No.+2&_ss=e&_v=1.0,ready to check
Partagas,Partagas Shorts,EU,egm,£12.99,https://egmcigars.com/en-gb/products/partagas-shorts?variant=37328812900510,ready to check
Plasencia,Plasencia Alma Fuerte Generacion V,EU,egm,21.99,https://egmcigars.com/en-gb/products/plasencia-alma-fuerte-generacion-v-cigar?variant=43665364287745,ready to check
Plasencia,Plasencia Alma Fuerte Sixto II,EU,egm,21.99,https://egmcigars.com/en-gb/products/plasencia-alma-fuerte-sixto-ii-cigar?variant=43665093132545,ready to check
Plasencia,Plasencia Alma del Campo Sendero,EU,egm,16.99,https://egmcigars.com/en-gb/products/plasencia-alma-del-campo-sendero-cigar?variant=43665431920897,ready to check
Plasencia,Plasencia Alma del Campo Tribu,EU,egm,£14.99,https://egmcigars.com/en-gb/products/plasencia-alma-del-campo-tribu-cigar?variant=43665415995649,ready to check
Plasencia,Plasencia Alma del Cielo Amanecer Hexagono,EU,egm,24.99,https://egmcigars.com/en-gb/products/plasencia-alma-del-cielo-amanecer?variant=46361292144897,ready to check
Plasencia,Plasencia Cosecha 151 La Tradicion,EU,egm,15.99,https://egmcigars.com/en-gb/products/plasencia-cosecha-151-la-tradicion-cigar?variant=44626589450497,ready to check
Plasencia,Plasencia Reserva Original Corona,EU,egm,9.99,https://egmcigars.com/en-gb/products/plasencia-reserva-original-corona-cigar?variant=43667146473729,ready to check
Plasencia,Plasencia Reserva Original Robustos,EU,egm,£8.99,https://egmcigars.com/en-gb/products/plasencia-reserva-original-robusto-cigar?variant=43666987778305,ready to check
Plasencia,Plasencia Sixto II Hexagon,EU,egm,£20.99,https://egmcigars.com/en-gb/products/plasencia-alma-fuerte-sixto-ii-cigar?variant=43665093132545,ready to check
Punch,Punch Double Coronas,EU,egm,£51.99,https://egmcigars.com/en-gb/products/punch-doble-coronas?variant=34071707517066,ready to check
Punch,Punch Punch,EU,egm,27.99,https://egmcigars.com/en-gb/products/punch-punch?variant=42735489220865,ready to check
Punch,Punch Short de Punch,EU,egm,£27.99,https://egmcigars.com/en-gb/products/punch-short-de-punch?variant=42747802648833,ready to check
Quai d'Orsay,Quai d'Orsay No. 50,EU,egm,£19.99,https://egmcigars.com/en-gb/products/quai-dorsay-no-50-box-of-10-cigars?variant=42089474588929,ready to check
Romeo,Romeo y Julieta Belicosos,EU,egm,£28.99,https://egmcigars.com/en-gb/products/romeo-y-julieta-belicosos?variant=36639980257438,ready to check
Romeo y Julieta,Romeo y Julieta Petit Churchills,EU,egm,£20.99,https://egmcigars.com/en-gb/products/romeo-y-julieta-petit-churchills?variant=9078284648495,ready to check
Romeo y Julieta,Romeo y Julieta Short Churchills,EU,egm,£27.99,https://egmcigars.com/en-gb/products/romeo-y-julieta-short-churchill?variant=39445166981278,ready to check
Romeo y Julieta,Romeo y Julieta Wide Churchills,EU,egm,30.99,https://egmcigars.com/en-gb/products/romeo-y-julieta-wide-churchill?variant=9008371957807,ready to check
San Cristobal,San Cristobal La Punta,EU,egm,£20.99,https://egmcigars.com/en-gb/products/san-cristobal-de-la-habana-la-punta?variant=42420433977601,ready to check
Vegas Robaina,Vegas Robaina Unicos,EU,egm,£31.99,https://egmcigars.com/en-gb/products/vegas-robaina-unicos?variant=42827196203265,ready to check
Zino,Zino Nicaragua Robusto,EU,egm,£7.99,https://egmcigars.com/en-gb/products/zino-nicaragua-robusto-cigars?variant=45625280889089,ready to check
Zino,Zino Nicaragua Toro,EU,egm,£7.99,https://egmcigars.com/en-gb/products/zino-nicaragua-toro-cigars?variant=45625281118465,ready to check
Arturo Fuente,Arturo Fuente Don Carlos No. 2,UK,havanahouse,£38.99,https://www.havanahouse.co.uk/product/arturo-fuente-don-carlos-no-2-cigar-single/,ready to check
Arturo Fuente,Arturo Fuente Don Carlos Robusto,UK,havanahouse,£32.66,https://www.havanahouse.co.uk/product/arturo-fuente-don-carlos-robusto-cigar-single/,ready to check
Arturo Fuente,Arturo Fuente Hemingway Short Story,UK,havanahouse,£19,https://www.havanahouse.co.uk/product/arturo-fuente-hemingway-short-story-cigar-single/,ready to check
Bolivar,Bolivar Belicosos Finos,UK,havanahouse,£38.70,https://www.havanahouse.co.uk/product/bolivar-belicosos-finos-cigar-single/,ready to check
Cohiba,Cohiba Esplendidos,UK,havanahouse,£137,https://www.havanahouse.co.uk/product/cohiba-esplendidos-cigar-single/,ready to check
Cohiba,Cohiba Panetelas,UK,havanahouse,£30.20,https://www.havanahouse.co.uk/product/cohiba-panetelas-cigar-single/,ready to check
Cohiba,Cohiba Robusto,UK,havanahouse,£80,https://www.havanahouse.co.uk/product/cohiba-robusto-cigar-single/,ready to check
Cohiba,Cohiba Siglo I,UK,havanahouse,£35,https://www.havanahouse.co.uk/product/cohiba-siglo-i-cigar-single/,ready to check
Cohiba,Cohiba Siglo II,UK,havanahouse,£35.00,https://www.havanahouse.co.uk/product/cohiba-siglo-ii-cigar-single/,ready to check
Cohiba,Cohiba Siglo III,UK,havanahouse,£60,https://www.havanahouse.co.uk/product/cohiba-siglo-iii-cigar-single/,ready to check
Cohiba,Cohiba Siglo IV,UK,havanahouse,£68,https://www.havanahouse.co.uk/product/cohiba-siglo-iv-cigar-single/,ready to check
Cohiba,Cohiba Siglo V,UK,havanahouse,£90,https://www.havanahouse.co.uk/product/cohiba-siglo-v-cigar-single/,ready to check
Cohiba,Cohiba Siglo VI,UK,havanahouse,£130,https://www.havanahouse.co.uk/product/cohiba-siglo-vi-cigar-single/,ready to check
Davidoff,Davidoff Escurio Robusto,UK,havanahouse,£38.86,https://www.havanahouse.co.uk/product/davidoff-escurio-robusto-cigar-single/,ready to check
Davidoff,Davidoff Nicaragua Robusto,UK,havanahouse,£36.01,https://www.havanahouse.co.uk/product/davidoff-nicaragua-robusto-cigar-single/,ready to check
Davidoff,Davidoff Nicaragua Toro,UK,havanahouse,£44.56,https://www.havanahouse.co.uk/product/davidoff-nicaragua-toro-cigar-single/,ready to check
Davidoff,Davidoff Signature 2000,UK,havanahouse,£32.95,https://www.havanahouse.co.uk/product/davidoff-2000-cigar-signature-range-single/,ready to check
Davidoff,Davidoff Signature 6000,UK,havanahouse,£34.96,https://www.havanahouse.co.uk/product/davidoff-signature-6000-robusto-cigar-single/,ready to check
Davidoff,Davidoff Winston Churchill The Late Hour Churchill,UK,havanahouse,£54.88,https://www.havanahouse.co.uk/product/davidoff-winston-churchill-late-hour-churchill-cigar-single/,ready to check
Davidoff,Davidoff Winston Churchill The Late Hour Robusto,UK,havanahouse,£49.73,https://www.havanahouse.co.uk/product/davidoff-winston-churchill-late-hour-robusto-cigar-single/,ready to check
Davidoff,Davidoff Winston Churchill The Late Hour Toro,UK,havanahouse,£61.96,https://www.havanahouse.co.uk/product/davidoff-winston-churchill-the-late-hour-toro-cigar-single/,ready to check
Davidoff,Davidoff Yamasa Robusto,UK,havanahouse,£41.95,https://www.havanahouse.co.uk/product/davidoff-yamasa-robusto-cigar-single/,ready to check
Foundation,Foundation Olmec Claro Robusto,UK,havanahouse,£22.96,https://www.havanahouse.co.uk/product/foundation-olmec-claro-robusto-cigar-single/,ready to check
H. Upmann,H. Upmann Magnum 46,UK,havanahouse,£36.80,https://www.havanahouse.co.uk/product/h-upmann-magnum-46-cigar-single/,ready to check
Hoyo de Monterrey,Hoyo de Monterrey Epicure Especial,UK,havanahouse,£42.90,https://www.havanahouse.co.uk/product/hoyo-de-monterrey-epicure-especial-cigar-single/,ready to check
Hoyo de Monterrey,Hoyo de Monterrey Epicure No. 1,UK,havanahouse,£37.40,https://www.havanahouse.co.uk/product/hoyo-de-monterrey-epicure-no-1-cigar-single/,ready to check
Hoyo de Monterrey,Hoyo de Monterrey Epicure No. 2,UK,havanahouse,£36.80,https://www.havanahouse.co.uk/product/hoyo-de-monterrey-epicure-no-2-cigar-single/,ready to check
Hoyo de Monterrey,Hoyo de Monterrey Le Hoyo de Rio Seco,UK,havanahouse,£53.50,https://www.havanahouse.co.uk/product/hoyo-de-monterrey-le-hoyo-de-rio-seco-cigar/,ready to check
Hoyo de Monterrey,Hoyo de Monterrey Le Hoyo de San Juan,UK,havanahouse,£49.10,https://www.havanahouse.co.uk/product/hoyo-de-monterrey-serie-le-hoyo-de-san-juan-cigar-single/,ready to check
Juan Lopez,Juan Lopez Seleccion No. 2,UK,havanahouse,£31.70,https://www.havanahouse.co.uk/product/juan-lopez-seleccion-no-2-cigar-single/,ready to check
Juan Lopez,Juan Lopez Seleccion No.1,UK,havanahouse,£32.20,https://www.havanahouse.co.uk/product/juan-lopez-seleccion-no-1-cigar-single/,ready to check
Montecristo,Montecristo Double Edmundo,UK,havanahouse,£50.60,https://www.havanahouse.co.uk/product/montecristo-double-edmundo-cigar-single/,ready to check
Montecristo,Montecristo Joyitas,UK,havanahouse,£15.30,https://www.havanahouse.co.uk/product/montecristo-joyitas-cigar-single/,ready to check
Montecristo,Montecristo Media Corona,UK,havanahouse,£20.70,https://www.havanahouse.co.uk/product/montecristo-media-corona-cigar-single/,ready to check
Montecristo,Montecristo No. 1,UK,havanahouse,£37.70,https://www.havanahouse.co.uk/product/montecristo-no-1-cigar-single/,ready to check
Montecristo,Montecristo No. 2,UK,havanahouse,£38.75,https://www.havanahouse.co.uk/product/montecristo-no-2-cigar-single/,ready to check
Montecristo,Montecristo No. 3,UK,havanahouse,£32.50,https://www.havanahouse.co.uk/product/montecristo-no-3-cigar-single/,ready to check
Montecristo,Montecristo No. 4,UK,havanahouse,£26.40,https://www.havanahouse.co.uk/product/montecristo-no-4-cigar-single/,ready to check
Montecristo,Montecristo No. 5,UK,havanahouse,£20.70,https://www.havanahouse.co.uk/product/montecristo-no-5-cigar-single/,ready to check
Montecristo,Montecristo Open Eagle,UK,havanahouse,£48.90,https://www.havanahouse.co.uk/product/montecristo-open-eagle-cigar-single/,ready to check
Montecristo,Montecristo Open Master,UK,havanahouse,£37.50,https://www.havanahouse.co.uk/product/montecristo-open-master-cigar-single/,ready to check
Montecristo,Montecristo Open Regata,UK,havanahouse,£30.20,https://www.havanahouse.co.uk/product/montecristo-open-regata-cigar-single/,ready to check
Montecristo,Montecristo Petit Edmundo,UK,havanahouse,£35.90,https://www.havanahouse.co.uk/product/montecristo-petit-edmundo-cigar-single/,ready to check
Partagas,Partagas Serie D No. 4,UK,havanahouse,£38.50,https://www.havanahouse.co.uk/product/partagas-series-d-no-4-cigar-single/,ready to check
Partagas,Partagas Serie D No. 5,UK,havanahouse,£35.50,https://www.havanahouse.co.uk/product/partagas-series-d-no-5-cigar-single/,ready to check
Partagas,Partagas Serie E No. 2,UK,havanahouse,£55.30,https://www.havanahouse.co.uk/product/partagas-series-e-no-2-cigar-single/,ready to check
Partagas,Partagas Shorts,UK,havanahouse,£22.70,https://www.havanahouse.co.uk/product/partagas-shorts-cigar-single/,ready to check
Plasencia,Plasencia Alma Fuerte Colorado Claro Robustus II,UK,havanahouse,£25.96,https://www.havanahouse.co.uk/product/plasencia-alma-fuerte-colorado-claro-robustus-ii-cigar-single/,ready to check
Plasencia,Plasencia Alma Fuerte Generacion V,UK,havanahouse,£35,https://www.havanahouse.co.uk/product/plasencia-alma-fuerte-generacion-v-cigar-single/,ready to check
Plasencia,Plasencia Alma Fuerte Sixto II,UK,havanahouse,£35.20,https://www.havanahouse.co.uk/product/plasencia-alma-fuerte-sixto-ii-cigar-single/,ready to check
Plasencia,Plasencia Alma del Campo Tribu,UK,havanahouse,£21.90,https://www.havanahouse.co.uk/product/plasencia-alma-del-campo-tribu-robusto-cigar-single-2/,ready to check
Plasencia,Plasencia Alma del Cielo Amanecer Hexagono,UK,havanahouse,£36.95,https://www.havanahouse.co.uk/product/plasencia-alma-del-cielo-amanecer-sixty-cigar-single/,ready to check
Plasencia,Plasencia Alma del Fuego Candente,UK,havanahouse,£21.46,https://www.havanahouse.co.uk/product/plasencia-alma-del-fuego-candente-cigar-single/,ready to check
Plasencia,Plasencia Cosecha 151 La Tradicion,UK,havanahouse,£31.96,https://www.havanahouse.co.uk/product/plasencia-cosecha-151-la-tradicion-toro-cigar-single/,ready to check
Plasencia,Plasencia Reserva Original Corona,UK,havanahouse,£13.99,https://www.havanahouse.co.uk/product/plasencia-reserva-original-corona-corta-cigar-single/,ready to check
Plasencia,Plasencia Reserva Original Robustos,UK,havanahouse,£17.60,https://www.havanahouse.co.uk/product/plasencia-reserva-original-robusto-cigar-single-2/,ready to check
Plasencia,Plasencia Sixto II Hexagon,UK,havanahouse,£35.20,https://www.havanahouse.co.uk/product/plasencia-alma-fuerte-sixto-ii-cigar-single/,ready to check
Punch,Punch Double Coronas,UK,havanahouse,£68,https://www.havanahouse.co.uk/product/punch-double-coronas-cigar-single/,ready to check
Punch,Punch Punch,UK,havanahouse,£36,https://www.havanahouse.co.uk/product/punch-punch-cigar-single/,ready to check
Punch,Punch Short de Punch,UK,havanahouse,£36,https://www.havanahouse.co.uk/product/punch-short-de-punch-cigar-single/,ready to check
Quai d'Orsay,Quai d'Orsay No. 50,UK,havanahouse,£27.40,https://www.havanahouse.co.uk/product/quai-dorsay-no-50-cigar-single/,ready to check
Rocky Patel,Rocky Patel Sixty Robusto,UK,havanahouse,£30,https://www.havanahouse.co.uk/product/sixty-by-rocky-patel-robusto-cigar-single-2/,ready to check
Romeo,Romeo y Julieta Belicosos,UK,havanahouse,£40,https://www.havanahouse.co.uk/product/romeo-y-julieta-belicosos-cigar-single/,ready to check
Romeo y Julieta,Romeo y Julieta Petit Churchills,UK,havanahouse,£33.10,https://www.havanahouse.co.uk/product/romeo-y-julieta-petit-churchill-cigar-single/,ready to check
Romeo y Julieta,Romeo y Julieta Short Churchills,UK,havanahouse,£38.20,https://www.havanahouse.co.uk/product/romeo-y-julieta-short-churchill-cigar-single/,ready to check
Romeo y Julieta,Romeo y Julieta Wide Churchills,UK,havanahouse,£46.80,https://www.havanahouse.co.uk/product/romeo-y-julieta-wide-churchill-cigar-single/,ready to check
San Cristobal,San Cristobal La Punta,UK,havanahouse,£38.10,https://www.havanahouse.co.uk/product/san-cristobal-la-punta-cigar-single/,ready to check
Vegas Robaina,Vegas Robaina Unicos,UK,havanahouse,£42.30,https://www.havanahouse.co.uk/product/vegas-robaina-unicos-cigar-single/,ready to check
Zino,Zino Nicaragua Robusto,UK,havanahouse,£22.45,https://www.havanahouse.co.uk/product/zino-nicaragua-robusto-cigar-single/,ready to check
Zino,Zino Nicaragua Toro,UK,havanahouse,£22.80,https://www.havanahouse.co.uk/product/zino-nicaraguan-toro-cigar-single/,ready to check
Bolivar,Bolivar Belicosos Finos,UK,simplycigars,£41.48,https://www.simplycigars.co.uk/bolivar-belicosos-finos-single-cigar-p-1773.html,ready to check
Bolivar,Bolivar Petit Coronas,UK,simplycigars,£26.94,https://www.simplycigars.co.uk/bolivar-petit-coronas-single-cigar-p-1783.html,ready to check
Cohiba,Cohiba Esplendidos,UK,simplycigars,£125.02,https://www.simplycigars.co.uk/cohiba-esplendidos-cigar-single-cigar-p-446.html,ready to check
Cohiba,Cohiba Panetelas,UK,simplycigars,£30.31,https://www.simplycigars.co.uk/cohiba-panetelas-single-cigar-p-448.html,ready to check
Cohiba,Cohiba Robusto,UK,simplycigars,£76.90,https://www.simplycigars.co.uk/cohiba-robusto-single-cigar-p-449.html,ready to check
Cohiba,Cohiba Siglo I,UK,simplycigars,£68.66,https://www.simplycigars.co.uk/cohiba-medio-siglo-cigar-single-cigar-p-2136.html,ready to check
Cohiba,Cohiba Siglo II,UK,simplycigars,£43.97,https://www.simplycigars.co.uk/cohiba-siglo-single-cigar-p-452.html,ready to check
Cohiba,Cohiba Siglo IV,UK,simplycigars,£91.09,https://www.simplycigars.co.uk/cohiba-siglo-single-cigar-p-454.html,ready to check
Cohiba,Cohiba Siglo V,UK,simplycigars,£89.32,https://www.simplycigars.co.uk/cohiba-siglo-single-cigar-p-455.html,ready to check
Cohiba,Cohiba Siglo VI,UK,simplycigars,£100.85,https://www.simplycigars.co.uk/cohiba-siglo-single-cigar-p-456.html,ready to check
Davidoff,Davidoff Escurio Robusto,UK,simplycigars,£38.92,https://www.simplycigars.co.uk/davidoff-escurio-robusto-cello-cigar-p-2859.html,ready to check
Davidoff,Davidoff Nicaragua Robusto,UK,simplycigars,£37.94,https://www.simplycigars.co.uk/davidoff-nicaraguan-experience-robusto-cello-single-cigars-p-2463.html,ready to check
Davidoff,Davidoff Nicaragua Toro,UK,simplycigars,£43.85,https://www.simplycigars.co.uk/davidoff-nicaragua-box-pressed-toro-single-cigar-p-4255.html,ready to check
Davidoff,Davidoff Signature 2000,UK,simplycigars,£30.01,https://www.simplycigars.co.uk/davidoff-signature-2000-cigar-p-3889.html,ready to check
Davidoff,Davidoff Winston Churchill The Late Hour Churchill,UK,simplycigars,£57.77,https://www.simplycigars.co.uk/davidoff-winston-churchill-the-late-hour-churchill-cigar-single-p-3756.html,ready to check
Davidoff,Davidoff Winston Churchill The Late Hour Robusto,UK,simplycigars,£52.37,https://www.simplycigars.co.uk/davidoff-winston-churchill-the-late-hour-robusto-cigar-single-p-3753.html,ready to check
H. Upmann,H. Upmann Magnum 46,UK,simplycigars,£39.23,https://www.simplycigars.co.uk/upmann-magnum-single-cigar-p-1736.html,ready to check
Hoyo de Monterrey,Hoyo de Monterrey Epicure Especial,UK,simplycigars,£45.79,https://www.simplycigars.co.uk/hoyo-monterrey-epicure-especial-single-cigar-p-2785.html,ready to check
Hoyo de Monterrey,Hoyo de Monterrey Epicure No. 1,UK,simplycigars,£38.72,https://www.simplycigars.co.uk/hoyo-monterrey-epicure-no1-single-cigar-p-1718.html,ready to check
Hoyo de Monterrey,Hoyo de Monterrey Epicure No. 2,UK,simplycigars,£39.23,https://www.simplycigars.co.uk/hoyo-monterrey-epicure-no2-single-cigar-p-1720.html,ready to check
Hoyo de Monterrey,Hoyo de Monterrey Le Hoyo de San Juan,UK,simplycigars,£54.44,https://www.simplycigars.co.uk/hoyo-monterrey-hoyo-san-juan-single-cigar-p-2589.html,ready to check
Hoyo de Monterrey,Hoyo de Monterrey Le Hoyo du Depute,UK,simplycigars,£23.03,https://www.simplycigars.co.uk/hoyo-monterrey-depute-single-cigar-p-1711.html,ready to check
Juan Lopez,Juan Lopez Seleccion No. 2,UK,simplycigars,£33.90,https://www.simplycigars.co.uk/juan-lopez-seleccion-single-cigar-p-1629.html,ready to check
Juan Lopez,Juan Lopez Seleccion No.1,UK,simplycigars,£34.38,https://www.simplycigars.co.uk/juan-lopez-seleccion-single-cigar-p-991.html,ready to check
La Flor Dominicana,La Flor Dominicana Double Ligero Chiselito,UK,simplycigars,£22.34,https://www.simplycigars.co.uk/flor-dominicana-double-ligero-chiselito-single-cigar-p-4183.html,ready to check
Montecristo,Montecristo Double Edmundo,UK,simplycigars,£56.88,https://www.simplycigars.co.uk/montecristo-double-edmundo-single-cigar-p-2166.html,ready to check
Montecristo,Montecristo Joyitas,UK,simplycigars,£17.71,https://www.simplycigars.co.uk/montecristo-joyitas-single-cigar-p-514.html,ready to check
Montecristo,Montecristo Media Corona,UK,simplycigars,£22.15,https://www.simplycigars.co.uk/montecristo-media-corona-single-cigar-p-2733.html,ready to check
Montecristo,Montecristo No. 1,UK,simplycigars,£44.22,https://www.simplycigars.co.uk/montecristo-no1-single-cigar-p-1588.html,ready to check
Montecristo,Montecristo No. 2,UK,simplycigars,£50.44,https://www.simplycigars.co.uk/montecristo-no2-single-cigar-p-1541.html,ready to check
Montecristo,Montecristo No. 3,UK,simplycigars,£33.48,https://www.simplycigars.co.uk/montecristo-no3-cigar-single-cigar-p-517.html,ready to check
Montecristo,Montecristo No. 4,UK,simplycigars,£28.36,https://www.simplycigars.co.uk/montecristo-no4-cigar-single-cigar-p-518.html,ready to check
Montecristo,Montecristo No. 5,UK,simplycigars,£22,https://www.simplycigars.co.uk/montecristo-no5-cigar-single-cigar-p-519.html,ready to check
Montecristo,Montecristo Open Eagle,UK,simplycigars,£54.18,https://www.simplycigars.co.uk/montecristo-open-eagle-cigar-single-cigar-p-1953.html,ready to check
Montecristo,Montecristo Open Master,UK,simplycigars,£40.01,https://www.simplycigars.co.uk/montecristo-open-master-cigar-single-cigar-p-1958.html,ready to check
Montecristo,Montecristo Petit Edmundo,UK,simplycigars,£38.56,https://www.simplycigars.co.uk/montecristo-petit-edmundo-cigar-single-cigar-p-1032.html,ready to check
My Father,My Father Le Bijou 1922 Torpedo Box Press,UK,simplycigars,£49.78,https://www.simplycigars.co.uk/father-bijou-1922-torpedo-box-pressed-single-cigar-p-3911.html,ready to check
Oliva,Oliva Serie G Robusto,UK,simplycigars,£21.56,https://www.simplycigars.co.uk/oliva-serie-maduro-robusto-p-2114.html,ready to check
Oliva,Oliva Serie O Robusto,UK,simplycigars,£24.19,https://www.simplycigars.co.uk/oliva-serie-robusto-cigar-single-p-2121.html,ready to check
Oliva,Oliva Serie V Double Robusto,UK,simplycigars,£29.30,https://www.simplycigars.co.uk/oliva-serie-double-robusto-cigar-single-p-4328.html,ready to check
Oliva,Oliva Serie V Robusto,UK,simplycigars,£35.75,https://www.simplycigars.co.uk/oliva-serie-melanio-gran-reserva-robusto-cigar-single-p-4325.html,ready to check
Partagas,Partagas Lusitanias,UK,simplycigars,£61.87,https://www.simplycigars.co.uk/partagas-lusitanias-single-cigar-p-1750.html,ready to check
Partagas,Partagas Serie D No. 4,UK,simplycigars,£41.02,https://www.simplycigars.co.uk/advanced_search_result.php?keywords=Partagas+Serie+D+No.+4&search=GO&ajax_prod_id=1541,ready to check
Partagas,Partagas Serie D No. 5,UK,simplycigars,£38.02,https://www.simplycigars.co.uk/partagas-serie-no5-single-cigar-p-1885.html,ready to check
Partagas,Partagas Serie E No. 2,UK,simplycigars,£56.34,https://www.simplycigars.co.uk/partagas-serie-single-cigar-p-2309.html,ready to check
Partagas,Partagas Shorts,UK,simplycigars,£24.24,https://www.simplycigars.co.uk/partagas-shorts-single-cigar-p-1760.html,ready to check
Plasencia,Plasencia Alma Fuerte Generacion V,UK,simplycigars,£36.28,https://www.simplycigars.co.uk/plasencia-alma-fuerte-generacion-cigar-single-p-3948.html,ready to check
Plasencia,Plasencia Alma Fuerte Sixto II,UK,simplycigars,£40.28,https://www.simplycigars.co.uk/plasencia-alma-fuerte-sixto-single-cigar-p-5034.html,ready to check
Plasencia,Plasencia Alma del Campo Tribu,UK,simplycigars,£23.63,https://www.simplycigars.co.uk/plasencia-alma-del-campo-tribu-single-cigar-p-2315.html,ready to check
Plasencia,Plasencia Alma del Fuego Candente,UK,simplycigars,£24.13,https://www.simplycigars.co.uk/plasencia-alma-del-fuego-candente-single-cigar-p-3944.html,ready to check
Plasencia,Plasencia Reserva Original Robustos,UK,simplycigars,£20.46,https://www.simplycigars.co.uk/plasencia-reserva-original-robusto-single-cigar-p-4094.html,ready to check
Plasencia,Plasencia Sixto II Hexagon,UK,simplycigars,£40.28,https://www.simplycigars.co.uk/plasencia-alma-fuerte-sixto-single-cigar-p-5034.html,ready to check
Punch,Punch Double Coronas,UK,simplycigars,£59.09,https://www.simplycigars.co.uk/punch-double-coronas-single-cigar-p-1797.html,ready to check
Punch,Punch Punch,UK,simplycigars,£38.46,https://www.simplycigars.co.uk/punch-punch-single-cigar-p-1805.html,ready to check
Punch,Punch Short de Punch,UK,simplycigars,£38.48,https://www.simplycigars.co.uk/punch-short-punch-single-cigar-p-3476.html,ready to check
Quai d'Orsay,Quai d'Orsay No. 50,UK,simplycigars,£29.27,https://www.simplycigars.co.uk/quai-orsay-single-cigar-p-3365.html,ready to check
Romeo,Romeo y Julieta Belicosos,UK,simplycigars,£42.79,https://www.simplycigars.co.uk/romeo-julieta-belicosos-single-cigar-p-4434.html,ready to check
Romeo y Julieta,Romeo y Julieta Petit Churchills,UK,simplycigars,£34.03,https://www.simplycigars.co.uk/romeo-julieta-petit-churchill-single-cigar-p-3797.html,ready to check
Romeo y Julieta,Romeo y Julieta Short Churchills,UK,simplycigars,£41.02,https://www.simplycigars.co.uk/romeo-julieta-short-churchill-p-1584.html,ready to check
Romeo y Julieta,Romeo y Julieta Wide Churchills,UK,simplycigars,£49.86,https://www.simplycigars.co.uk/romeo-julieta-wide-churchill-single-cigar-p-2182.html,ready to check
San Cristobal,San Cristobal La Punta,UK,simplycigars,£40.91,https://www.simplycigars.co.uk/san-cristobal-punta-single-cigar-p-1612.html,ready to check
Vegas Robaina,Vegas Robaina Unicos,UK,simplycigars,£45.22,https://www.simplycigars.co.uk/vegas-robaina-unicos-single-cigar-p-1608.html,ready to check
Zino,Zino Nicaragua Robusto,UK,simplycigars,£20.69,https://www.simplycigars.co.uk/zino-nicaragua-robusto-cigar-single-cigar-p-5044.html,ready to check
Zino,Zino Nicaragua Toro,UK,simplycigars,£21.79,https://www.simplycigars.co.uk/zino-nicaragua-toro-cigar-single-cigar-p-5049.html,ready to check
Quai d'Orsay,Quai d'Orsay No. 50,UK,cgars,,,"missing price, missing url"
AJ Fernandez,AJ Fernandez San Lotano Requiem Robusto,EU,egm,,,"missing price, missing url"
Arturo Fuente,Arturo Fuente Chateau Fuente,EU,egm,,,"missing price, missing url"
Arturo Fuente,Arturo Fuente Don Carlos No. 2,EU,egm,,,"missing price, missing url"
Arturo Fuente,Arturo Fuente Don Carlos Robusto,EU,egm,,,"missing price, missing url"
Arturo Fuente,Arturo Fuente Gran Reserva Robusto,EU,egm,,,"missing price, missing url"
Cohiba,Cohiba Robustos,EU,egm,,,"missing price, missing url"
Davidoff,Davidoff Millennium Robusto,EU,egm,,,"missing price, missing url"
Davidoff,Davidoff Signature No.2,EU,egm,,,"missing price, missing url"
Drew Estate,Drew Estate Liga Privada No. 9 Robusto,EU,egm,,,"missing price, missing url"
Drew Estate,Drew Estate Liga Privada No. 9 Toro,EU,egm,,,"missing price, missing url"
Foundation,Foundation Olmec Claro Robusto,EU,egm,,,"missing price, missing url"
La Flor Dominicana,La Flor Dominicana Double Ligero Chiselito,EU,egm,,,"missing price, missing url"
My Father,My Father Flor de Las Antillas Robusto,EU,egm,,,"missing price, missing url"
My Father,My Father La Opulencia Robusto,EU,egm,,,"missing price, missing url"
My Father,My Father Le Bijou 1922 Torpedo Box Press,EU,egm,,,"missing price, missing url"
Oliva,Oliva Serie V Melanio Robusto,EU,egm,,,"missing price, missing url"
Oliva,Oliva Serie V Robusto,EU,egm,,,"missing price, missing url"
Padron,Padron 3000 Natural,EU,egm,,,"missing price, missing url"
Padron,Padron 4000 Natural,EU,egm,,,"missing price, missing url"
Perdomo,Perdomo 10th Anniversary Champagne Robusto,EU,egm,,,"missing price, missing url"
Perdomo,Perdomo 20th Anniversary Maduro Robusto,EU,egm,,,"missing price, missing url"
Perdomo,Perdomo 20th Anniversary Sun Grown Robusto,EU,egm,,,"missing price, missing url"
Plasencia,Plasencia Alma Fuerte Colorado Claro Robustus II,EU,egm,,,"missing price, missing url"
Plasencia,Plasencia Alma del Campo Robusto,EU,egm,,,"missing price, missing url"
Plasencia,Plasencia Alma del Fuego Candente,EU,egm,,,"missing price, missing url"
Plasencia,Plasencia Alma del Fuego Flama,EU,egm,,,"missing price, missing url"
Rocky Patel,Rocky Patel Decade Robusto,EU,egm,,,"missing price, missing url"
Rocky Patel,Rocky Patel Sixty Robusto,EU,egm,,,"missing price, missing url"
Rocky Patel,Rocky Patel Sun Grown Robusto,EU,egm,,,"missing price, missing url"
AJ Fernandez,AJ Fernandez San Lotano Requiem Robusto,UK,havanahouse,,,"missing price, missing url"
Arturo Fuente,Arturo Fuente Chateau Fuente,UK,havanahouse,,,"missing price, missing url"
Arturo Fuente,Arturo Fuente Gran Reserva Robusto,UK,havanahouse,,,"missing price, missing url"
Bolivar,Bolivar Petit Coronas,UK,havanahouse,,,"missing price, missing url"
Cohiba,Cohiba Robustos,UK,havanahouse,,,"missing price, missing url"
Davidoff,Davidoff Millennium Robusto,UK,havanahouse,,,"missing price, missing url"
Davidoff,Davidoff Signature No.2,UK,havanahouse,,,"missing price, missing url"
Drew Estate,Drew Estate Liga Privada No. 9 Robusto,UK,havanahouse,,,"missing price, missing url"
Drew Estate,Drew Estate Liga Privada No. 9 Toro,UK,havanahouse,,,"missing price, missing url"
Hoyo de Monterrey,Hoyo de Monterrey Le Hoyo du Depute,UK,havanahouse,,,"missing price, missing url"
La Flor Dominicana,La Flor Dominicana Double Ligero Chiselito,UK,havanahouse,,,"missing price, missing url"
My Father,My Father Flor de Las Antillas Robusto,UK,havanahouse,,,"missing price, missing url"
My Father,My Father La Opulencia Robusto,UK,havanahouse,,,"missing price, missing url"
My Father,My Father Le Bijou 1922 Torpedo Box Press,UK,havanahouse,,,"missing price, missing url"
Oliva,Oliva Serie G Robusto,UK,havanahouse,,,"missing price, missing url"
Oliva,Oliva Serie O Robusto,UK,havanahouse,,,"missing price, missing url"
Oliva,Oliva Serie V Double Robusto,UK,havanahouse,,,"missing price, missing url"
Oliva,Oliva Serie V Lancero,UK,havanahouse,,,"missing price, missing url"
Oliva,Oliva Serie V Melanio Figurado,UK,havanahouse,,,"missing price, missing url"
Oliva,Oliva Serie V Melanio Robusto,UK,havanahouse,,,"missing price, missing url"
Oliva,Oliva Serie V Robusto,UK,havanahouse,,,"missing price, missing url"
Oliva,Oliva Serie V Torpedo,UK,havanahouse,,,"missing price, missing url"
Padron,Padron 3000 Natural,UK,havanahouse,,,"missing price, missing url"
Padron,Padron 4000 Natural,UK,havanahouse,,,"missing price, missing url"
Partagas,Partagas Lusitanias,UK,havanahouse,,,"missing price, missing url"
Perdomo,Perdomo 10th Anniversary Champagne Robusto,UK,havanahouse,,,"missing price, missing url"
Perdomo,Perdomo 20th Anniversary Maduro Robusto,UK,havanahouse,,,"missing price, missing url"
Perdomo,Perdomo 20th Anniversary Sun Grown Robusto,UK,havanahouse,,,"missing price, missing url"
Plasencia,Plasencia Alma del Campo Robusto,UK,havanahouse,,,"missing price, missing url"
Plasencia,Plasencia Alma del Campo Sendero,UK,havanahouse,,,"missing price, missing url"
Plasencia,Plasencia Alma del Fuego Flama,UK,havanahouse,,,"missing price, missing url"
Rocky Patel,Rocky Patel Decade Robusto,UK,havanahouse,,,"missing price, missing url"
Rocky Patel,Rocky Patel Sun Grown Robusto,UK,havanahouse,,,"missing price, missing url"
AJ Fernandez,AJ Fernandez San Lotano Requiem Robusto,UK,simplycigars,,,"missing price, missing url"
Arturo Fuente,Arturo Fuente Chateau Fuente,UK,simplycigars,,,"missing price, missing url"
Arturo Fuente,Arturo Fuente Don Carlos No. 2,UK,simplycigars,,,"missing price, missing url"
Arturo Fuente,Arturo Fuente Don Carlos Robusto,UK,simplycigars,,,"missing price, missing url"
Arturo Fuente,Arturo Fuente Gran Reserva Robusto,UK,simplycigars,,,"missing price, missing url"
Arturo Fuente,Arturo Fuente Hemingway Short Story,UK,simplycigars,,,"missing price, missing url"
Cohiba,Cohiba Robustos,UK,simplycigars,,,"missing price, missing url"
Cohiba,Cohiba Siglo III,UK,simplycigars,,,"missing price, missing url"
Davidoff,Davidoff Millennium Robusto,UK,simplycigars,,,"missing price, missing url"
Davidoff,Davidoff Signature 6000,UK,simplycigars,,,"missing price, missing url"
Davidoff,Davidoff Signature No.2,UK,simplycigars,,,"missing price, missing url"
Davidoff,Davidoff Winston Churchill The Late Hour Toro,UK,simplycigars,,,"missing price, missing url"
Davidoff,Davidoff Yamasa Robusto,UK,simplycigars,,,"missing price, missing url"
Drew Estate,Drew Estate Liga Privada No. 9 Robusto,UK,simplycigars,,,"missing price, missing url"
Drew Estate,Drew Estate Liga Privada No. 9 Toro,UK,simplycigars,,,"missing price, missing url"
Foundation,Foundation Olmec Claro Robusto,UK,simplycigars,,,"missing price, missing url"
Hoyo de Monterrey,Hoyo de Monterrey Le Hoyo de Rio Seco,UK,simplycigars,,,"missing price, missing url"
Montecristo,Montecristo Open Regata,UK,simplycigars,£32.22,,missing url
My Father,My Father Flor de Las Antillas Robusto,UK,simplycigars,,,"missing price, missing url"
My Father,My Father La Opulencia Robusto,UK,simplycigars,,,"missing price, missing url"
Oliva,Oliva Serie V Lancero,UK,simplycigars,,,"missing price, missing url"
Oliva,Oliva Serie V Melanio Figurado,UK,simplycigars,,,"missing price, missing url"
Oliva,Oliva Serie V Melanio Robusto,UK,simplycigars,,,"missing price, missing url"
Oliva,Oliva Serie V Torpedo,UK,simplycigars,,,"missing price, missing url"
Padron,Padron 3000 Natural,UK,simplycigars,,,"missing price, missing url"
Padron,Padron 4000 Natural,UK,simplycigars,,,"missing price, missing url"
Perdomo,Perdomo 10th Anniversary Champagne Robusto,UK,simplycigars,,,"missing price, missing url"
Perdomo,Perdomo 20th Anniversary Maduro Robusto,UK,simplycigars,,,"missing price, missing url"
Perdomo,Perdomo 20th Anniversary Sun Grown Robusto,UK,simplycigars,,,"missing price, missing url"
Plasencia,Plasencia Alma Fuerte Colorado Claro Robustus II,UK,simplycigars,,,"missing price, missing url"
Plasencia,Plasencia Alma del Campo Robusto,UK,simplycigars,,,"missing price, missing url"
Plasencia,Plasencia Alma del Campo Sendero,UK,simplycigars,,,"missing price, missing url"
Plasencia,Plasencia Alma del Cielo Amanecer Hexagono,UK,simplycigars,,,"missing price, missing url"
Plasencia,Plasencia Alma del Fuego Flama,UK,simplycigars,,,"missing price, missing url"
Plasencia,Plasencia Cosecha 151 La Tradicion,UK,simplycigars,,,"missing price, missing url"
Plasencia,Plasencia Reserva Original Corona,UK,simplycigars,,,"missing price, missing url"
Rocky Patel,Rocky Patel Decade Robusto,UK,simplycigars,,,"missing price, missing url"
Rocky Patel,Rocky Patel Sixty Robusto,UK,simplycigars,,,"missing price, missing url"
Rocky Patel,Rocky Patel Sun Grown Robusto,UK,simplycigars,,,"missing price, missing url"
